{
    "name": "root",
    "gauges": {
        "FindGoal.Policy.Entropy.mean": {
            "value": 1.0595954656600952,
            "min": 1.0595954656600952,
            "max": 1.4426860809326172,
            "count": 50
        },
        "FindGoal.Policy.Entropy.sum": {
            "value": 10638.337890625,
            "min": 10356.2431640625,
            "max": 14888.5205078125,
            "count": 50
        },
        "FindGoal.Environment.EpisodeLength.mean": {
            "value": 67.05405405405405,
            "min": 4.539867109634551,
            "max": 181.6271186440678,
            "count": 50
        },
        "FindGoal.Environment.EpisodeLength.sum": {
            "value": 9924.0,
            "min": 8199.0,
            "max": 10716.0,
            "count": 50
        },
        "FindGoal.Step.mean": {
            "value": 499978.0,
            "min": 9995.0,
            "max": 499978.0,
            "count": 50
        },
        "FindGoal.Step.sum": {
            "value": 499978.0,
            "min": 9995.0,
            "max": 499978.0,
            "count": 50
        },
        "FindGoal.Policy.ExtrinsicValueEstimate.mean": {
            "value": 0.7957566380500793,
            "min": -1.2886193990707397,
            "max": 0.858299195766449,
            "count": 50
        },
        "FindGoal.Policy.ExtrinsicValueEstimate.sum": {
            "value": 232.36093139648438,
            "min": -2324.66943359375,
            "max": 249.7650604248047,
            "count": 50
        },
        "FindGoal.Environment.CumulativeReward.mean": {
            "value": 0.9594594594594594,
            "min": -1.0,
            "max": 0.9731543624161074,
            "count": 50
        },
        "FindGoal.Environment.CumulativeReward.sum": {
            "value": 142.0,
            "min": -1804.0,
            "max": 145.0,
            "count": 50
        },
        "FindGoal.Policy.ExtrinsicReward.mean": {
            "value": 0.9594594594594594,
            "min": -1.0,
            "max": 0.9731543624161074,
            "count": 50
        },
        "FindGoal.Policy.ExtrinsicReward.sum": {
            "value": 142.0,
            "min": -1804.0,
            "max": 145.0,
            "count": 50
        },
        "FindGoal.Losses.PolicyLoss.mean": {
            "value": 0.2455837012277917,
            "min": 0.23605854753969682,
            "max": 0.25592267242335615,
            "count": 50
        },
        "FindGoal.Losses.PolicyLoss.sum": {
            "value": 17.43644278717321,
            "min": 16.419762532317197,
            "max": 22.234959248641243,
            "count": 50
        },
        "FindGoal.Losses.ValueLoss.mean": {
            "value": 0.007777264417566521,
            "min": 0.0038522758773189133,
            "max": 1.0901741943409016,
            "count": 50
        },
        "FindGoal.Losses.ValueLoss.sum": {
            "value": 0.552185773647223,
            "min": 0.265807035535005,
            "max": 95.93532910199934,
            "count": 50
        },
        "FindGoal.Policy.LearningRate.mean": {
            "value": 2.9667271801380285e-06,
            "min": 2.9667271801380285e-06,
            "max": 0.00029709602824071814,
            "count": 50
        },
        "FindGoal.Policy.LearningRate.sum": {
            "value": 0.00021063762978980002,
            "min": 0.00021063762978980002,
            "max": 0.0261444504851832,
            "count": 50
        },
        "FindGoal.Policy.Epsilon.mean": {
            "value": 0.10098887605633804,
            "min": 0.10098887605633804,
            "max": 0.19903200909090907,
            "count": 50
        },
        "FindGoal.Policy.Epsilon.sum": {
            "value": 7.1702102000000005,
            "min": 7.1060018000000005,
            "max": 17.756110800000002,
            "count": 50
        },
        "FindGoal.Policy.Beta.mean": {
            "value": 0.0005,
            "min": 0.0005,
            "max": 0.0005000000000000001,
            "count": 50
        },
        "FindGoal.Policy.Beta.sum": {
            "value": 0.035500000000000004,
            "min": 0.034,
            "max": 0.04600000000000001,
            "count": 50
        },
        "FindGoal.IsTraining.mean": {
            "value": 1.0,
            "min": 1.0,
            "max": 1.0,
            "count": 50
        },
        "FindGoal.IsTraining.sum": {
            "value": 1.0,
            "min": 1.0,
            "max": 1.0,
            "count": 50
        }
    },
    "metadata": {
        "timer_format_version": "0.1.0",
        "start_time_seconds": "1656275035",
        "python_version": "3.7.9 (tags/v3.7.9:13c94747c7, Aug 17 2020, 18:58:18) [MSC v.1900 64 bit (AMD64)]",
        "command_line_arguments": "D:\\Tiltan\\AI\\AI final project\\venv\\Scripts\\mlagents-learn config/findGoal.yaml --run-id=NewParamsNewControlsTest3",
        "mlagents_version": "0.29.0",
        "mlagents_envs_version": "0.29.0",
        "communication_protocol_version": "1.5.0",
        "pytorch_version": "1.7.0+cu110",
        "numpy_version": "1.21.2",
        "end_time_seconds": "1656276298"
    },
    "total": 1263.3693541,
    "count": 1,
    "self": 0.010661399999889909,
    "children": {
        "run_training.setup": {
            "total": 0.07629890000000006,
            "count": 1,
            "self": 0.07629890000000006
        },
        "TrainerController.start_learning": {
            "total": 1263.2823938000001,
            "count": 1,
            "self": 0.8018175000092924,
            "children": {
                "TrainerController._reset_env": {
                    "total": 8.6443378,
                    "count": 1,
                    "self": 8.6443378
                },
                "TrainerController.advance": {
                    "total": 1253.7949344999909,
                    "count": 31029,
                    "self": 0.8085684000091078,
                    "children": {
                        "env_step": {
                            "total": 379.64956129998245,
                            "count": 31029,
                            "self": 355.86810010000613,
                            "children": {
                                "SubprocessEnvManager._take_step": {
                                    "total": 23.304094399980237,
                                    "count": 31029,
                                    "self": 1.9485056999732322,
                                    "children": {
                                        "TorchPolicy.evaluate": {
                                            "total": 21.355588700007004,
                                            "count": 25030,
                                            "self": 3.921319900006594,
                                            "children": {
                                                "TorchPolicy.sample_actions": {
                                                    "total": 17.43426880000041,
                                                    "count": 25030,
                                                    "self": 17.43426880000041
                                                }
                                            }
                                        }
                                    }
                                },
                                "workers": {
                                    "total": 0.4773667999960658,
                                    "count": 31029,
                                    "self": 0.0,
                                    "children": {
                                        "worker_root": {
                                            "total": 1253.5579344000064,
                                            "count": 31029,
                                            "is_parallel": true,
                                            "self": 947.3684158000128,