{
    "name": "root",
    "gauges": {
        "FindRepairStation.Policy.Entropy.mean": {
            "value": 1.4857016801834106,
            "min": 1.426015853881836,
            "max": 1.4864872694015503,
            "count": 10
        },
        "FindRepairStation.Policy.Entropy.sum": {
            "value": 74398.0,
            "min": 71627.3515625,
            "max": 74671.1796875,
            "count": 10
        },
        "FindRepairStation.Environment.EpisodeLength.mean": {
            "value": 68.53963838664812,
            "min": 68.48256624825663,
            "max": 68.54444444444445,
            "count": 10
        },
        "FindRepairStation.Environment.EpisodeLength.sum": {
            "value": 49280.0,
            "min": 49075.0,
            "max": 49352.0,
            "count": 10
        },
        "FindRepairStation.Step.mean": {
            "value": 499999.0,
            "min": 49947.0,
            "max": 499999.0,
            "count": 10
        },
        "FindRepairStation.Step.sum": {
            "value": 499999.0,
            "min": 49947.0,
            "max": 499999.0,
            "count": 10
        },
        "FindRepairStation.Policy.ExtrinsicValueEstimate.mean": {
            "value": -0.6989694237709045,
            "min": -149.76756286621094,
            "max": -0.005182509310543537,
            "count": 10
        },
        "FindRepairStation.Policy.ExtrinsicValueEstimate.sum": {
            "value": -1005.8170166015625,
            "min": -213718.3125,
            "max": -7.436901092529297,
            "count": 10
        },
        "FindRepairStation.Environment.CumulativeReward.mean": {
            "value": -1.0,
            "min": -1.0,
            "max": -1.0,
            "count": 10
        },
        "FindRepairStation.Environment.CumulativeReward.sum": {
            "value": -720.0,
            "min": -720.0,
            "max": -716.0,
            "count": 10
        },
        "FindRepairStation.Policy.ExtrinsicReward.mean": {
            "value": -1.0,
            "min": -1.0,
            "max": -1.0,
            "count": 10
        },
        "FindRepairStation.Policy.ExtrinsicReward.sum": {
            "value": -720.0,
            "min": -720.0,
            "max": -716.0,
            "count": 10
        },
        "FindRepairStation.Losses.PolicyLoss.mean": {
            "value": 0.022216005915543062,
            "min": 0.02212131928477902,
            "max": 0.30513967628901206,
            "count": 10
        },
        "FindRepairStation.Losses.PolicyLoss.sum": {
            "value": 0.11108002957771532,
            "min": 0.1106065964238951,
            "max": 1.5256983814450602,
            "count": 10
        },
        "FindRepairStation.Losses.ValueLoss.mean": {
            "value": 0.13196765705943106,
            "min": 0.13196765705943106,
            "max": 1350.081982421875,
            "count": 10
        },
        "FindRepairStation.Losses.ValueLoss.sum": {
            "value": 0.6598382852971553,
            "min": 0.6598382852971553,
            "max": 5400.3279296875,
            "count": 10
        },
        "FindRepairStation.Policy.LearningRate.mean": {
            "value": 1.3578695473799999e-05,
            "min": 1.3578695473799999e-05,
            "max": 0.0002844726051758,
            "count": 10
        },
        "FindRepairStation.Policy.LearningRate.sum": {
            "value": 6.7893477369e-05,
            "min": 6.7893477369e-05,
            "max": 0.0012828714723762,
            "count": 10
        },
        "FindRepairStation.Policy.Epsilon.mean": {
            "value": 0.10452619999999997,
            "min": 0.10452619999999997,
            "max": 0.1948242,
            "count": 10
        },
        "FindRepairStation.Policy.Epsilon.sum": {
            "value": 0.5226309999999998,
            "min": 0.5226309999999998,
            "max": 0.9276238,
            "count": 10
        },
        "FindRepairStation.Policy.Beta.mean": {
            "value": 0.00023585738000000007,
            "min": 0.00023585738000000007,
            "max": 0.00474172758,
            "count": 10
        },
        "FindRepairStation.Policy.Beta.sum": {
            "value": 0.0011792869000000004,
            "min": 0.0011792869000000004,
            "max": 0.021388427620000004,
            "count": 10
        },
        "FindRepairStation.IsTraining.mean": {
            "value": 1.0,
            "min": 1.0,
            "max": 1.0,
            "count": 10
        },
        "FindRepairStation.IsTraining.sum": {
            "value": 1.0,
            "min": 1.0,
            "max": 1.0,
            "count": 10
        }
    },
    "metadata": {
        "timer_format_version": "0.1.0",
        "start_time_seconds": "1656105482",
        "python_version": "3.7.9 (tags/v3.7.9:13c94747c7, Aug 17 2020, 18:58:18) [MSC v.1900 64 bit (AMD64)]",
        "command_line_arguments": "D:\\Tiltan\\AI\\AI final project\\venv\\Scripts\\mlagents-learn --run-id=finito",
        "mlagents_version": "0.29.0",
        "mlagents_envs_version": "0.29.0",
        "communication_protocol_version": "1.5.0",
        "pytorch_version": "1.7.0+cu110",
        "numpy_version": "1.21.2",
        "end_time_seconds": "1656106322"
    },
    "total": 839.6101919,
    "count": 1,
    "self": 0.012975700000083634,
    "children": {
        "run_training.setup": {
            "total": 0.07697909999999997,
            "count": 1,
            "self": 0.07697909999999997
        },
        "TrainerController.start_learning": {
            "total": 839.5202370999999,
            "count": 1,
            "self": 1.4998390000043855,
            "children": {
                "TrainerController._reset_env": {
                    "total": 4.7620339,
                    "count": 1,
                    "self": 4.7620339
                },
                "TrainerController.advance": {
                    "total": 833.2152029999954,
                    "count": 59139,
                    "self": 1.5498553999891556,
                    "children": {
                        "env_step": {
                            "total": 665.9724309999959,
                            "count": 59139,
                            "self": 603.926573800001,
                            "children": {
                                "SubprocessEnvManager._take_step": {
                                    "total": 61.07959039998811,
                                    "count": 59139,
                                    "self": 4.020086399989296,
                                    "children": {
                                        "TorchPolicy.evaluate": {
                                            "total": 57.05950399999882,
                                            "count": 55586,
                                            "self": 9.506009299993558,
                                            "children": {
                                                "TorchPolicy.sample_actions": {
                                                    "total": 47.55349470000526,
                                                    "count": 55586,
                                                    "self": 47.55349470000526
                                                }
                                            }
                                        }
                                    }
                                },
                                "workers": {
                                    "total": 0.9662668000067942,
                                    "count": 59139,
                                    "self": 0.0,
                                    "children": {
                                        "worker_root": {
                                            "total": 832.8334270000012,
                                            "count": 59139,
                                            "is_parallel": true,