{
    "name": "root",
    "gauges": {
        "FindRepairStation.Policy.Entropy.mean": {
            "value": 1.492699384689331,
            "min": 1.4286339282989502,
            "max": 1.492699384689331,
            "count": 10
        },
        "FindRepairStation.Policy.Entropy.sum": {
            "value": 75791.8125,
            "min": 71583.1328125,
            "max": 75791.8125,
            "count": 10
        },
        "FindRepairStation.Environment.EpisodeLength.mean": {
            "value": 54.056291390728475,
            "min": 16.788331554606902,
            "max": 54.78435754189944,
            "count": 10
        },
        "FindRepairStation.Environment.EpisodeLength.sum": {
            "value": 48975.0,
            "min": 47192.0,
            "max": 49276.0,
            "count": 10
        },
        "FindRepairStation.Step.mean": {
            "value": 499965.0,
            "min": 49989.0,
            "max": 499965.0,
            "count": 10
        },
        "FindRepairStation.Step.sum": {
            "value": 499965.0,
            "min": 49989.0,
            "max": 499965.0,
            "count": 10
        },
        "FindRepairStation.Policy.ExtrinsicValueEstimate.mean": {
            "value": -6.494725704193115,
            "min": -22.43735694885254,
            "max": 3419.83740234375,
            "count": 10
        },
        "FindRepairStation.Policy.ExtrinsicValueEstimate.sum": {
            "value": -7001.314453125,
            "min": -25780.5234375,
            "max": 9609743.0,
            "count": 10
        },
        "FindRepairStation.Environment.CumulativeReward.mean": {
            "value": -1.0,
            "min": -1.0,
            "max": -1.0,
            "count": 10
        },
        "FindRepairStation.Environment.CumulativeReward.sum": {
            "value": -909.0,
            "min": -2810.0,
            "max": -897.0,
            "count": 10
        },
        "FindRepairStation.Policy.ExtrinsicReward.mean": {
            "value": -1.0,
            "min": -1.0,
            "max": -1.0,
            "count": 10
        },
        "FindRepairStation.Policy.ExtrinsicReward.sum": {
            "value": -909.0,
            "min": -2810.0,
            "max": -897.0,
            "count": 10
        },
        "FindRepairStation.Losses.PolicyLoss.mean": {
            "value": 0.1723108410090208,
            "min": 0.1723108410090208,
            "max": 0.3241085688893993,
            "count": 10
        },
        "FindRepairStation.Losses.PolicyLoss.sum": {
            "value": 0.861554205045104,
            "min": 0.7296650169203833,
            "max": 1.5871698891433574,
            "count": 10
        },
        "FindRepairStation.Losses.ValueLoss.mean": {
            "value": 67.29691827138265,
            "min": 67.29691827138265,
            "max": 3613590.9348012293,
            "count": 10
        },
        "FindRepairStation.Losses.ValueLoss.sum": {
            "value": 336.48459135691326,
            "min": 336.48459135691326,
            "max": 14454363.739204917,
            "count": 10
        },
        "FindRepairStation.Policy.LearningRate.mean": {
            "value": 1.5730414756560002e-05,
            "min": 1.5730414756560002e-05,
            "max": 0.0002845602051466,
            "count": 10
        },
        "FindRepairStation.Policy.LearningRate.sum": {
            "value": 7.865207378280001e-05,
            "min": 7.865207378280001e-05,
            "max": 0.0012837480720840001,
            "count": 10
        },
        "FindRepairStation.Policy.Epsilon.mean": {
            "value": 0.10524344000000001,
            "min": 0.10524344000000001,
            "max": 0.1948534,
            "count": 10
        },
        "FindRepairStation.Policy.Epsilon.sum": {
            "value": 0.5262172,
            "min": 0.5262172,
            "max": 0.9279160000000001,
            "count": 10
        },
        "FindRepairStation.Policy.Beta.mean": {
            "value": 0.00027164765600000017,
            "min": 0.00027164765600000017,
            "max": 0.00474318466,
            "count": 10
        },
        "FindRepairStation.Policy.Beta.sum": {
            "value": 0.0013582382800000007,
            "min": 0.0013582382800000007,
            "max": 0.0214030084,
            "count": 10
        },
        "FindRepairStation.IsTraining.mean": {
            "value": 1.0,
            "min": 1.0,
            "max": 1.0,
            "count": 10
        },
        "FindRepairStation.IsTraining.sum": {
            "value": 1.0,
            "min": 1.0,
            "max": 1.0,
            "count": 10
        }
    },
    "metadata": {
        "timer_format_version": "0.1.0",
        "start_time_seconds": "1656089331",
        "python_version": "3.7.9 (tags/v3.7.9:13c94747c7, Aug 17 2020, 18:58:18) [MSC v.1900 64 bit (AMD64)]",
        "command_line_arguments": "D:\\Tiltan\\AI\\AI final project\\venv\\Scripts\\mlagents-learn --run-id=lol",
        "mlagents_version": "0.29.0",
        "mlagents_envs_version": "0.29.0",
        "communication_protocol_version": "1.5.0",
        "pytorch_version": "1.7.0+cu110",
        "numpy_version": "1.21.2",
        "end_time_seconds": "1656089893"
    },
    "total": 561.2109433,
    "count": 1,
    "self": 0.01059480000003532,
    "children": {
        "run_training.setup": {
            "total": 0.07218840000000004,
            "count": 1,
            "self": 0.07218840000000004
        },
        "TrainerController.start_learning": {
            "total": 561.1281601000001,
            "count": 1,
            "self": 0.7654293999966058,
            "children": {
                "TrainerController._reset_env": {
                    "total": 7.511765899999999,
                    "count": 1,
                    "self": 7.511765899999999
                },
                "TrainerController.advance": {
                    "total": 552.7949931000034,
                    "count": 30366,
                    "self": 0.8039750000048116,
                    "children": {
                        "env_step": {
                            "total": 395.47210389999617,
                            "count": 30366,
                            "self": 363.5292999999943,
                            "children": {
                                "SubprocessEnvManager._take_step": {
                                    "total": 31.444430599999848,
                                    "count": 30367,
                                    "self": 1.96850779999901,
                                    "children": {
                                        "TorchPolicy.evaluate": {
                                            "total": 29.475922800000838,
                                            "count": 24178,
                                            "self": 4.1159682999992455,
                                            "children": {
                                                "TorchPolicy.sample_actions": {
                                                    "total": 25.359954500001592,
                                                    "count": 24178,
                                                    "self": 25.359954500001592
                                                }
                                            }
                                        }
                                    }
                                },
                                "workers": {
                                    "total": 0.49837330000203295,
                                    "count": 30366,
                                    "self": 0.0,
                                    "children": {
                                        "worker_root": {
                                            "total": 518.0671788999932,
                                            "count": 30366,
                                            "is_parallel": true,