{
    "name": "root",
    "gauges": {
        "FindRepairStation.Policy.Entropy.mean": {
            "value": 1.491145372390747,
            "min": 1.4294769763946533,
            "max": 1.491145372390747,
            "count": 10
        },
        "FindRepairStation.Policy.Entropy.sum": {
            "value": 74035.3671875,
            "min": 71116.4375,
            "max": 76162.84375,
            "count": 10
        },
        "FindRepairStation.Environment.EpisodeLength.mean": {
            "value": 45.18198700092851,
            "min": 12.356244985290184,
            "max": 45.33888888888889,
            "count": 10
        },
        "FindRepairStation.Environment.EpisodeLength.sum": {
            "value": 48661.0,
            "min": 46200.0,
            "max": 49208.0,
            "count": 10
        },
        "FindRepairStation.Step.mean": {
            "value": 499980.0,
            "min": 49968.0,
            "max": 499980.0,
            "count": 10
        },
        "FindRepairStation.Step.sum": {
            "value": 499980.0,
            "min": 49968.0,
            "max": 499980.0,
            "count": 10
        },
        "FindRepairStation.Policy.ExtrinsicValueEstimate.mean": {
            "value": -1.1881953477859497,
            "min": -6.882986545562744,
            "max": 1029.31787109375,
            "count": 10
        },
        "FindRepairStation.Policy.ExtrinsicValueEstimate.sum": {
            "value": -1331.967041015625,
            "min": -7908.5517578125,
            "max": 2543444.5,
            "count": 10
        },
        "FindRepairStation.Environment.CumulativeReward.mean": {
            "value": -1.0,
            "min": -1.0,
            "max": -0.9963248805586181,
            "count": 10
        },
        "FindRepairStation.Environment.CumulativeReward.sum": {
            "value": -1080.0,
            "min": -3738.0,
            "max": -1079.0,
            "count": 10
        },
        "FindRepairStation.Policy.ExtrinsicReward.mean": {
            "value": -1.0,
            "min": -1.0,
            "max": -0.9963248805586181,
            "count": 10
        },
        "FindRepairStation.Policy.ExtrinsicReward.sum": {
            "value": -1080.0,
            "min": -3738.0,
            "max": -1079.0,
            "count": 10
        },
        "FindRepairStation.Losses.PolicyLoss.mean": {
            "value": 0.17080667730110385,
            "min": 0.15644115465382735,
            "max": 0.3321043342429524,
            "count": 10
        },
        "FindRepairStation.Losses.PolicyLoss.sum": {
            "value": 0.8540333865055193,
            "min": 0.7667331039905547,
            "max": 1.556287546401533,
            "count": 10
        },
        "FindRepairStation.Losses.ValueLoss.mean": {
            "value": 6.383351209958395,
            "min": 6.31441737016042,
            "max": 108303.89805348714,
            "count": 10
        },
        "FindRepairStation.Losses.ValueLoss.sum": {
            "value": 31.916756049791974,
            "min": 31.5720868508021,
            "max": 433215.59221394855,
            "count": 10
        },
        "FindRepairStation.Policy.LearningRate.mean": {
            "value": 1.3331735556119999e-05,
            "min": 1.3331735556119999e-05,
            "max": 0.00028446675517775,
            "count": 10
        },
        "FindRepairStation.Policy.LearningRate.sum": {
            "value": 6.66586777806e-05,
            "min": 6.66586777806e-05,
            "max": 0.0012816948727684002,
            "count": 10
        },
        "FindRepairStation.Policy.Epsilon.mean": {
            "value": 0.10444388000000002,
            "min": 0.10444388000000002,
            "max": 0.19482224999999997,
            "count": 10
        },
        "FindRepairStation.Policy.Epsilon.sum": {
            "value": 0.5222194000000001,
            "min": 0.5222194000000001,
            "max": 0.9272315999999999,
            "count": 10
        },
        "FindRepairStation.Policy.Beta.mean": {
            "value": 0.000231749612,
            "min": 0.000231749612,
            "max": 0.004741630275,
            "count": 10
        },
        "FindRepairStation.Policy.Beta.sum": {
            "value": 0.00115874806,
            "min": 0.00115874806,
            "max": 0.021368856840000006,
            "count": 10
        },
        "FindRepairStation.IsTraining.mean": {
            "value": 1.0,
            "min": 1.0,
            "max": 1.0,
            "count": 10
        },
        "FindRepairStation.IsTraining.sum": {
            "value": 1.0,
            "min": 1.0,
            "max": 1.0,
            "count": 10
        }
    },
    "metadata": {
        "timer_format_version": "0.1.0",
        "start_time_seconds": "1656090728",
        "python_version": "3.7.9 (tags/v3.7.9:13c94747c7, Aug 17 2020, 18:58:18) [MSC v.1900 64 bit (AMD64)]",
        "command_line_arguments": "D:\\Tiltan\\AI\\AI final project\\venv\\Scripts\\mlagents-learn --run-id=Champ",
        "mlagents_version": "0.29.0",
        "mlagents_envs_version": "0.29.0",
        "communication_protocol_version": "1.5.0",
        "pytorch_version": "1.7.0+cu110",
        "numpy_version": "1.21.2",
        "end_time_seconds": "1656091128"
    },
    "total": 400.0401252,
    "count": 1,
    "self": 0.01074260000001459,
    "children": {
        "run_training.setup": {
            "total": 0.07396519999999995,
            "count": 1,
            "self": 0.07396519999999995
        },
        "TrainerController.start_learning": {
            "total": 399.9554174,
            "count": 1,
            "self": 0.3661826999970117,
            "children": {
                "TrainerController._reset_env": {
                    "total": 7.1405818000000005,
                    "count": 1,
                    "self": 7.1405818000000005
                },
                "TrainerController.advance": {
                    "total": 392.40063190000296,
                    "count": 14671,
                    "self": 0.4003329000061626,
                    "children": {
                        "env_step": {
                            "total": 236.45002019999797,
                            "count": 14671,
                            "self": 217.17345249999266,
                            "children": {
                                "SubprocessEnvManager._take_step": {
                                    "total": 19.041304100001703,
                                    "count": 14671,
                                    "self": 1.0479259000010614,
                                    "children": {
                                        "TorchPolicy.evaluate": {
                                            "total": 17.99337820000064,
                                            "count": 10519,
                                            "self": 1.8050898000001183,
                                            "children": {
                                                "TorchPolicy.sample_actions": {
                                                    "total": 16.188288400000523,
                                                    "count": 10519,
                                                    "self": 16.188288400000523
                                                }
                                            }
                                        }
                                    }
                                },
                                "workers": {
                                    "total": 0.23526360000359858,
                                    "count": 14671,
                                    "self": 0.0,
                                    "children": {
                                        "worker_root": {
                                            "total": 392.18489439999746,
                                            "count": 14671,
                                            "is_parallel": true,