{
    "name": "root",
    "gauges": {
        "FindGoal.Policy.Entropy.mean": {
            "value": 1.422889232635498,
            "min": 1.422889232635498,
            "max": 1.422889232635498,
            "count": 1
        },
        "FindGoal.Policy.Entropy.sum": {
            "value": 71457.5,
            "min": 71457.5,
            "max": 71457.5,
            "count": 1
        },
        "FindGoal.Environment.EpisodeLength.mean": {
            "value": 6.7481022463206815,
            "min": 6.7481022463206815,
            "max": 6.7481022463206815,
            "count": 1
        },
        "FindGoal.Environment.EpisodeLength.sum": {
            "value": 43559.0,
            "min": 43559.0,
            "max": 43559.0,
            "count": 1
        },
        "FindGoal.Step.mean": {
            "value": 49994.0,
            "min": 49994.0,
            "max": 49994.0,
            "count": 1
        },
        "FindGoal.Step.sum": {
            "value": 49994.0,
            "min": 49994.0,
            "max": 49994.0,
            "count": 1
        },
        "FindGoal.Policy.ExtrinsicValueEstimate.mean": {
            "value": 8.88875961303711,
            "min": 8.88875961303711,
            "max": 8.88875961303711,
            "count": 1
        },
        "FindGoal.Policy.ExtrinsicValueEstimate.sum": {
            "value": 57359.16796875,
            "min": 57359.16796875,
            "max": 57359.16796875,
            "count": 1
        },
        "FindGoal.Environment.CumulativeReward.mean": {
            "value": -2.589958158995816,
            "min": -2.589958158995816,
            "max": -2.589958158995816,
            "count": 1
        },
        "FindGoal.Environment.CumulativeReward.sum": {
            "value": -16713.0,
            "min": -16713.0,
            "max": -16713.0,
            "count": 1
        },
        "FindGoal.Policy.ExtrinsicReward.mean": {
            "value": -2.589958158995816,
            "min": -2.589958158995816,
            "max": -2.589958158995816,
            "count": 1
        },
        "FindGoal.Policy.ExtrinsicReward.sum": {
            "value": -16713.0,
            "min": -16713.0,
            "max": -16713.0,
            "count": 1
        },
        "FindGoal.Losses.PolicyLoss.mean": {
            "value": 0.029291881360889723,
            "min": 0.029291881360889723,
            "max": 0.029291881360889723,
            "count": 1
        },
        "FindGoal.Losses.PolicyLoss.sum": {
            "value": 0.11716752544355889,
            "min": 0.11716752544355889,
            "max": 0.11716752544355889,
            "count": 1
        },
        "FindGoal.Losses.ValueLoss.mean": {
            "value": 30.37761863072713,
            "min": 30.37761863072713,
            "max": 30.37761863072713,
            "count": 1
        },
        "FindGoal.Losses.ValueLoss.sum": {
            "value": 121.51047452290852,
            "min": 121.51047452290852,
            "max": 121.51047452290852,
            "count": 1
        },
        "FindGoal.Policy.LearningRate.mean": {
            "value": 0.00028463160512279994,
            "min": 0.00028463160512279994,
            "max": 0.00028463160512279994,
            "count": 1
        },
        "FindGoal.Policy.LearningRate.sum": {
            "value": 0.0011385264204911998,
            "min": 0.0011385264204911998,
            "max": 0.0011385264204911998,
            "count": 1
        },
        "FindGoal.Policy.Epsilon.mean": {
            "value": 0.19487720000000006,
            "min": 0.19487720000000006,
            "max": 0.19487720000000006,
            "count": 1
        },
        "FindGoal.Policy.Epsilon.sum": {
            "value": 0.7795088000000002,
            "min": 0.7795088000000002,
            "max": 0.7795088000000002,
            "count": 1
        },
        "FindGoal.Policy.Beta.mean": {
            "value": 0.00474437228,
            "min": 0.00474437228,
            "max": 0.00474437228,
            "count": 1
        },
        "FindGoal.Policy.Beta.sum": {
            "value": 0.01897748912,
            "min": 0.01897748912,
            "max": 0.01897748912,
            "count": 1
        },
        "FindGoal.IsTraining.mean": {
            "value": 1.0,
            "min": 1.0,
            "max": 1.0,
            "count": 1
        },
        "FindGoal.IsTraining.sum": {
            "value": 1.0,
            "min": 1.0,
            "max": 1.0,
            "count": 1
        }
    },
    "metadata": {
        "timer_format_version": "0.1.0",
        "start_time_seconds": "1656232244",
        "python_version": "3.7.9 (tags/v3.7.9:13c94747c7, Aug 17 2020, 18:58:18) [MSC v.1900 64 bit (AMD64)]",
        "command_line_arguments": "D:\\Tiltan\\AI\\AI final project\\venv\\Scripts\\mlagents-learn --run-id=learnplease",
        "mlagents_version": "0.29.0",
        "mlagents_envs_version": "0.29.0",
        "communication_protocol_version": "1.5.0",
        "pytorch_version": "1.7.0+cu110",
        "numpy_version": "1.21.2",
        "end_time_seconds": "1656232380"
    },
    "total": 136.0578744,
    "count": 1,
    "self": 10.005771699999997,
    "children": {
        "run_training.setup": {
            "total": 0.07176589999999994,
            "count": 1,
            "self": 0.07176589999999994
        },
        "TrainerController.start_learning": {
            "total": 125.9803368,
            "count": 1,
            "self": 0.18483890000008785,
            "children": {
                "TrainerController._reset_env": {
                    "total": 4.867095,
                    "count": 1,
                    "self": 4.867095
                },
                "TrainerController.advance": {
                    "total": 120.84398559999991,
                    "count": 7436,
                    "self": 0.1815376000004676,
                    "children": {
                        "env_step": {
                            "total": 98.95274289999966,
                            "count": 7436,
                            "self": 96.28580489999977,
                            "children": {
                                "SubprocessEnvManager._take_step": {
                                    "total": 2.5579778000002964,
                                    "count": 7437,
                                    "self": 0.23107700000015896,
                                    "children": {
                                        "TorchPolicy.evaluate": {
                                            "total": 2.3269008000001374,
                                            "count": 2905,
                                            "self": 0.42407140000028853,
                                            "children": {
                                                "TorchPolicy.sample_actions": {
                                                    "total": 1.902829399999849,
                                                    "count": 2905,
                                                    "self": 1.902829399999849
                                                }
                                            }
                                        }
                                    }
                                },
                                "workers": {
                                    "total": 0.10896019999959705,
                                    "count": 7435,
                                    "self": 0.0,
                                    "children": {
                                        "worker_root": {
                                            "total": 96.8019782999992,
                                            "count": 7435,
                                            "is_parallel": true,
                                            "self": 33.289771199999215,