{
    "name": "root",
    "metadata": {
        "timer_format_version": "0.1.0",
        "start_time_seconds": "1656231041",
        "python_version": "3.7.9 (tags/v3.7.9:13c94747c7, Aug 17 2020, 18:58:18) [MSC v.1900 64 bit (AMD64)]",
        "command_line_arguments": "D:\\Tiltan\\AI\\AI final project\\venv\\Scripts\\mlagents-learn --run-id=NewAgentTest1",
        "mlagents_version": "0.29.0",
        "mlagents_envs_version": "0.29.0",
        "communication_protocol_version": "1.5.0",
        "pytorch_version": "1.7.0+cu110",
        "numpy_version": "1.21.2",
        "end_time_seconds": "1656231193"
    },
    "total": 152.5012924,
    "count": 1,
    "self": 10.005645200000032,
    "children": {
        "run_training.setup": {
            "total": 0.07119779999999998,
            "count": 1,
            "self": 0.07119779999999998
        },
        "TrainerController.start_learning": {
            "total": 142.4244494,
            "count": 1,
            "self": 0.24930609999952935,
            "children": {
                "TrainerController._reset_env": {
                    "total": 8.651073499999999,
                    "count": 1,
                    "self": 8.651073499999999
                },
                "TrainerController.advance": {
                    "total": 133.04213780000046,
                    "count": 11001,
                    "self": 0.2500925000005054,
                    "children": {
                        "env_step": {
                            "total": 129.08300639999968,
                            "count": 11001,
                            "self": 120.03691750000019,
                            "children": {
                                "SubprocessEnvManager._take_step": {
                                    "total": 8.89010730000011,
                                    "count": 11002,
                                    "self": 0.5959630000007969,
                                    "children": {
                                        "TorchPolicy.evaluate": {
                                            "total": 8.294144299999314,
                                            "count": 10618,
                                            "self": 1.6099416999989948,
                                            "children": {
                                                "TorchPolicy.sample_actions": {
                                                    "total": 6.684202600000319,
                                                    "count": 10618,
                                                    "self": 6.684202600000319
                                                }
                                            }
                                        }
                                    }
                                },
                                "workers": {
                                    "total": 0.15598159999937167,
                                    "count": 11000,
                                    "self": 0.0,
                                    "children": {
                                        "worker_root": {
                                            "total": 94.73939819999998,
                                            "count": 11000,
                                            "is_parallel": true,
                                            "self": 23.03411769999981,
                                            "children": {
                                                "steps_from_proto": {
                                                    "total": 0.0005028000000031341,
                                                    "count": 2,
                                                    "is_parallel": true,
                                                    "self": 0.00022149999999676595,
                                                    "children": {
                                                        "_process_rank_one_or_two_observation": {
                                                            "total": 0.0002813000000063681,
                                                            "count": 4,
                                                            "is_parallel": true,
                                                            "self": 0.0002813000000063681
                                                        }
                                                    }
                                                },
                                                "UnityEnvironment.step": {
                                                    "total": 71.70477770000016,
                                                    "count": 11000,
                                                    "is_parallel": true,
                                                    "self": 0.8332099000011937,
                                                    "children": {
                                                        "UnityEnvironment._generate_step_input": {
                                                            "total": 0.6323888999996043,
                                                            "count": 11000,
                                                            "is_parallel": true,
                                                            "self": 0.6323888999996043
                                                        },
                                                        "communicator.exchange": {
                                                            "total": 68.02773710000017,
                                                            "count": 11000,
                                                            "is_parallel": true,
                                                            "self": 68.02773710000017
                                                        },
                                                        "steps_from_proto": {
                                                            "total": 2.211441799999207,
                                                            "count": 11000,
                                                            "is_parallel": true,
                                                            "self": 1.2139827999985897,
                                                            "children": {
                                                                "_process_rank_one_or_two_observation": {
                                                                    "total": 0.9974590000006174,
                                                                    "count": 22000,
                                                                    "is_parallel": true,
                                                                    "self": 0.9974590000006174
                                                                }
                                                            }
                                                        }
                                                    }
                                                }
                                            }
                                        }
                                    }
                                }
                            }
                        },
                        "trainer_advance": {
                            "total": 3.70903890000028,
                            "count": 11000,
                            "self": 0.28956409999995536,
                            "children": {
                                "process_trajectory": {
                                    "total": 1.3033345000003127,
                                    "count": 11000,
                                    "self": 1.3033345000003127
                                },
                                "_update_policy": {
                                    "total": 2.116140300000012,