{
    "name": "root",
    "gauges": {
        "FindGoalB.Policy.Entropy.mean": {
            "value": 1.1147254705429077,
            "min": 1.1147254705429077,
            "max": 1.2368364334106445,
            "count": 28
        },
        "FindGoalB.Policy.Entropy.sum": {
            "value": 11013.4873046875,
            "min": 11013.4873046875,
            "max": 12748.423828125,
            "count": 28
        },
        "FindGoalB.Environment.EpisodeLength.mean": {
            "value": 40.35950413223141,
            "min": 33.37201365187713,
            "max": 43.11013215859031,
            "count": 28
        },
        "FindGoalB.Environment.EpisodeLength.sum": {
            "value": 9767.0,
            "min": 9621.0,
            "max": 9904.0,
            "count": 28
        },
        "FindGoalB.Step.mean": {
            "value": 279986.0,
            "min": 9999.0,
            "max": 279986.0,
            "count": 28
        },
        "FindGoalB.Step.sum": {
            "value": 279986.0,
            "min": 9999.0,
            "max": 279986.0,
            "count": 28
        },
        "FindGoalB.Policy.ExtrinsicValueEstimate.mean": {
            "value": 0.542701005935669,
            "min": -0.18233126401901245,
            "max": 0.6458523273468018,
            "count": 28
        },
        "FindGoalB.Policy.ExtrinsicValueEstimate.sum": {
            "value": 141.64495849609375,
            "min": -49.77643585205078,
            "max": 163.3975830078125,
            "count": 28
        },
        "FindGoalB.Environment.CumulativeReward.mean": {
            "value": 0.6528925619834711,
            "min": 0.17777777777777778,
            "max": 0.7478260869565218,
            "count": 28
        },
        "FindGoalB.Environment.CumulativeReward.sum": {
            "value": 158.0,
            "min": 48.0,
            "max": 177.0,
            "count": 28
        },
        "FindGoalB.Policy.ExtrinsicReward.mean": {
            "value": 0.6528925619834711,
            "min": 0.17777777777777778,
            "max": 0.7478260869565218,
            "count": 28
        },
        "FindGoalB.Policy.ExtrinsicReward.sum": {
            "value": 158.0,
            "min": 48.0,
            "max": 177.0,
            "count": 28
        },
        "FindGoalB.Losses.PolicyLoss.mean": {
            "value": 0.2483558808662048,
            "min": 0.23644954079121275,
            "max": 0.2483558808662048,
            "count": 28
        },
        "FindGoalB.Losses.PolicyLoss.sum": {
            "value": 19.62011458843018,
            "min": 18.876957165381185,
            "max": 19.88616530238759,
            "count": 28
        },
        "FindGoalB.Losses.ValueLoss.mean": {
            "value": 0.07556176046350489,
            "min": 0.027296570585421686,
            "max": 0.14142324958444347,
            "count": 28
        },
        "FindGoalB.Losses.ValueLoss.sum": {
            "value": 5.969379076616887,
            "min": 2.156429076248313,
            "max": 11.45528321633992,
            "count": 28
        },
        "FindGoalB.Policy.LearningRate.mean": {
            "value": 0.00013502323473910886,
            "min": 0.00013502323473910886,
            "max": 0.00029695833851388744,
            "count": 28
        },
        "FindGoalB.Policy.LearningRate.sum": {
            "value": 0.0106668355443896,
            "min": 0.0106668355443896,
            "max": 0.023756667081110995,
            "count": 28
        },
        "FindGoalB.Policy.Epsilon.mean": {
            "value": 0.14500772658227845,
            "min": 0.14500772658227845,
            "max": 0.1989861125,
            "count": 28
        },
        "FindGoalB.Policy.Epsilon.sum": {
            "value": 11.455610399999998,
            "min": 11.455610399999998,
            "max": 15.918889,
            "count": 28
        },
        "FindGoalB.Policy.Beta.mean": {
            "value": 0.0005000000000000001,
            "min": 0.0005000000000000001,
            "max": 0.0005000000000000001,
            "count": 28
        },
        "FindGoalB.Policy.Beta.sum": {
            "value": 0.03950000000000001,
            "min": 0.03900000000000001,
            "max": 0.04150000000000001,
            "count": 28
        },
        "FindGoalB.IsTraining.mean": {
            "value": 1.0,
            "min": 1.0,
            "max": 1.0,
            "count": 28
        },
        "FindGoalB.IsTraining.sum": {
            "value": 1.0,
            "min": 1.0,
            "max": 1.0,
            "count": 28
        }
    },
    "metadata": {
        "timer_format_version": "0.1.0",
        "start_time_seconds": "1656284997",
        "python_version": "3.7.9 (tags/v3.7.9:13c94747c7, Aug 17 2020, 18:58:18) [MSC v.1900 64 bit (AMD64)]",
        "command_line_arguments": "D:\\Tiltan\\AI\\AI final project\\venv\\Scripts\\mlagents-learn config/findGoal.yaml --initialize-from=FinitoDeAI --run-id=BetterFinitoDeAI",
        "mlagents_version": "0.29.0",
        "mlagents_envs_version": "0.29.0",
        "communication_protocol_version": "1.5.0",
        "pytorch_version": "1.7.0+cu110",
        "numpy_version": "1.21.2",
        "end_time_seconds": "1656285791"
    },
    "total": 793.5913153,
    "count": 1,
    "self": 0.008146099999976286,
    "children": {
        "run_training.setup": {
            "total": 0.0706426,
            "count": 1,
            "self": 0.0706426
        },
        "TrainerController.start_learning": {
            "total": 793.5125266,
            "count": 1,
            "self": 0.5246188999993819,
            "children": {
                "TrainerController._reset_env": {
                    "total": 7.843243200000001,
                    "count": 1,
                    "self": 7.843243200000001
                },
                "TrainerController.advance": {
                    "total": 785.0734704000007,
                    "count": 20038,
                    "self": 0.5315490999925032,
                    "children": {
                        "env_step": {
                            "total": 297.7046869000068,
                            "count": 20038,
                            "self": 283.5008386000001,
                            "children": {
                                "SubprocessEnvManager._take_step": {
                                    "total": 13.895254999999306,
                                    "count": 20038,
                                    "self": 1.1463146999969727,
                                    "children": {
                                        "TorchPolicy.evaluate": {
                                            "total": 12.748940300002333,
                                            "count": 14467,
                                            "self": 2.3430985000014104,
                                            "children": {
                                                "TorchPolicy.sample_actions": {
                                                    "total": 10.405841800000923,
                                                    "count": 14467,
                                                    "self": 10.405841800000923
                                                }
                                            }
                                        }
                                    }
                                },
                                "workers": {
                                    "total": 0.3085933000073666,
                                    "count": 20037,
                                    "self": 0.0,
                                    "children": {
                                        "worker_root": {
                                            "total": 723.8835556000033,
                                            "count": 20037,
                                            "is_parallel": true,
                                            "self": 531.9183443000061,