{
    "name": "root",
    "metadata": {
        "timer_format_version": "0.1.0",
        "start_time_seconds": "1656276778",
        "python_version": "3.7.9 (tags/v3.7.9:13c94747c7, Aug 17 2020, 18:58:18) [MSC v.1900 64 bit (AMD64)]",
        "command_line_arguments": "D:\\Tiltan\\AI\\AI final project\\venv\\Scripts\\mlagents-learn config/findGoal.yaml --initialize-from=FindGoal --run-id=NewControlsFinalRun",
        "mlagents_version": "0.29.0",
        "mlagents_envs_version": "0.29.0",
        "communication_protocol_version": "1.5.0",
        "pytorch_version": "1.7.0+cu110",
        "numpy_version": "1.21.2",
        "end_time_seconds": "1656276823"
    },
    "total": 45.308000899999996,
    "count": 1,
    "self": 0.0104847999999933,
    "children": {
        "run_training.setup": {
            "total": 0.07388280000000003,
            "count": 1,
            "self": 0.07388280000000003
        },
        "TrainerController.start_learning": {
            "total": 45.2236333,
            "count": 1,
            "self": 0.0007152999999959775,
            "children": {
                "TrainerController._reset_env": {
                    "total": 43.770010299999996,
                    "count": 1,
                    "self": 43.770010299999996
                },
                "TrainerController.advance": {
                    "total": 1.393314200000006,
                    "count": 29,
                    "self": 0.0006508999999823573,
                    "children": {
                        "env_step": {
                            "total": 1.1309836000000004,
                            "count": 29,
                            "self": 1.1136702000000014,
                            "children": {
                                "SubprocessEnvManager._take_step": {
                                    "total": 0.01694499999999266,
                                    "count": 29,
                                    "self": 0.001300299999975607,
                                    "children": {
                                        "TorchPolicy.evaluate": {
                                            "total": 0.015644700000017053,
                                            "count": 17,
                                            "self": 0.002713800000023525,
                                            "children": {
                                                "TorchPolicy.sample_actions": {
                                                    "total": 0.012930899999993528,
                                                    "count": 17,
                                                    "self": 0.012930899999993528
                                                }
                                            }
                                        }
                                    }
                                },
                                "workers": {
                                    "total": 0.00036840000000637474,
                                    "count": 29,
                                    "self": 0.0,
                                    "children": {
                                        "worker_root": {
                                            "total": 1.1684452999999806,
                                            "count": 29,
                                            "is_parallel": true,
                                            "self": 0.09328599999996356,
                                            "children": {
                                                "steps_from_proto": {
                                                    "total": 0.0003619000000014694,
                                                    "count": 1,
                                                    "is_parallel": true,
                                                    "self": 0.00012639999999919382,
                                                    "children": {
                                                        "_process_rank_one_or_two_observation": {
                                                            "total": 0.00023550000000227556,
                                                            "count": 2,
                                                            "is_parallel": true,
                                                            "self": 0.00023550000000227556
                                                        }
                                                    }
                                                },
                                                "UnityEnvironment.step": {
                                                    "total": 1.0747974000000156,
                                                    "count": 29,
                                                    "is_parallel": true,
                                                    "self": 0.003812800000027039,
                                                    "children": {
                                                        "UnityEnvironment._generate_step_input": {
                                                            "total": 0.006234999999982449,
                                                            "count": 29,
                                                            "is_parallel": true,
                                                            "self": 0.006234999999982449
                                                        },
                                                        "communicator.exchange": {
                                                            "total": 1.0563498999999936,
                                                            "count": 29,
                                                            "is_parallel": true,
                                                            "self": 1.0563498999999936
                                                        },
                                                        "steps_from_proto": {
                                                            "total": 0.008399700000012444,
                                                            "count": 29,
                                                            "is_parallel": true,
                                                            "self": 0.003795700000033264,
                                                            "children": {
                                                                "_process_rank_one_or_two_observation": {
                                                                    "total": 0.00460399999997918,
                                                                    "count": 58,
                                                                    "is_parallel": true,
                                                                    "self": 0.00460399999997918
                                                                }
                                                            }
                                                        }
                                                    }
                                                }
                                            }
                                        }
                                    }
                                }
                            }
                        },
                        "trainer_advance": {
                            "total": 0.2616797000000233,
                            "count": 29,
                            "self": 0.0006964999999965471,
                            "children": {
                                "process_trajectory": {
                                    "total": 0.024784500000023968,
                                    "count": 29,
                                    "self": 0.024784500000023968
                                },