{
    "name": "root",
    "gauges": {
        "FindRepairStation.Policy.Entropy.mean": {
            "value": 1.4904730319976807,
            "min": 1.4245553016662598,
            "max": 1.4910924434661865,
            "count": 10
        },
        "FindRepairStation.Policy.Entropy.sum": {
            "value": 74368.640625,
            "min": 71592.453125,
            "max": 74703.734375,
            "count": 10
        },
        "FindRepairStation.Environment.EpisodeLength.mean": {
            "value": 94.98848368522073,
            "min": 66.60655737704919,
            "max": 110.27212389380531,
            "count": 10
        },
        "FindRepairStation.Environment.EpisodeLength.sum": {
            "value": 49489.0,
            "min": 48756.0,
            "max": 49843.0,
            "count": 10
        },
        "FindRepairStation.Step.mean": {
            "value": 499993.0,
            "min": 49936.0,
            "max": 499993.0,
            "count": 10
        },
        "FindRepairStation.Step.sum": {
            "value": 499993.0,
            "min": 49936.0,
            "max": 499993.0,
            "count": 10
        },
        "FindRepairStation.Policy.ExtrinsicValueEstimate.mean": {
            "value": -1.113619089126587,
            "min": -330.53985595703125,
            "max": -0.5478259325027466,
            "count": 10
        },
        "FindRepairStation.Policy.ExtrinsicValueEstimate.sum": {
            "value": -1160.39111328125,
            "min": -414827.53125,
            "max": -699.57373046875,
            "count": 10
        },
        "FindRepairStation.Environment.CumulativeReward.mean": {
            "value": -1.0,
            "min": -1.0,
            "max": -1.0,
            "count": 10
        },
        "FindRepairStation.Environment.CumulativeReward.sum": {
            "value": -521.0,
            "min": -732.0,
            "max": -451.0,
            "count": 10
        },
        "FindRepairStation.Policy.ExtrinsicReward.mean": {
            "value": -1.0,
            "min": -1.0,
            "max": -1.0,
            "count": 10
        },
        "FindRepairStation.Policy.ExtrinsicReward.sum": {
            "value": -521.0,
            "min": -732.0,
            "max": -451.0,
            "count": 10
        },
        "FindRepairStation.Losses.PolicyLoss.mean": {
            "value": 0.02197219070842645,
            "min": 0.020960810904798562,
            "max": 0.3531203441508114,
            "count": 10
        },
        "FindRepairStation.Losses.PolicyLoss.sum": {
            "value": 0.10986095354213224,
            "min": 0.10480405452399282,
            "max": 1.765601720754057,
            "count": 10
        },
        "FindRepairStation.Losses.ValueLoss.mean": {
            "value": 0.1759723033507665,
            "min": 0.1759723033507665,
            "max": 9770.09122314453,
            "count": 10
        },
        "FindRepairStation.Losses.ValueLoss.sum": {
            "value": 0.8798615167538325,
            "min": 0.8798615167538325,
            "max": 39080.36489257812,
            "count": 10
        },
        "FindRepairStation.Policy.LearningRate.mean": {
            "value": 1.2566015811360003e-05,
            "min": 1.2566015811360003e-05,
            "max": 0.00028418520527159996,
            "count": 10
        },
        "FindRepairStation.Policy.LearningRate.sum": {
            "value": 6.283007905680001e-05,
            "min": 6.283007905680001e-05,
            "max": 0.0012773040742320005,
            "count": 10
        },
        "FindRepairStation.Policy.Epsilon.mean": {
            "value": 0.10418863999999999,
            "min": 0.10418863999999999,
            "max": 0.19472840000000002,
            "count": 10
        },
        "FindRepairStation.Policy.Epsilon.sum": {
            "value": 0.5209431999999999,
            "min": 0.5209431999999999,
            "max": 0.9257679999999998,
            "count": 10
        },
        "FindRepairStation.Policy.Beta.mean": {
            "value": 0.00021901313600000005,
            "min": 0.00021901313600000005,
            "max": 0.004736947159999999,
            "count": 10
        },
        "FindRepairStation.Policy.Beta.sum": {
            "value": 0.0010950656800000002,
            "min": 0.0010950656800000002,
            "max": 0.0212958232,
            "count": 10
        },
        "FindRepairStation.IsTraining.mean": {
            "value": 1.0,
            "min": 1.0,
            "max": 1.0,
            "count": 10
        },
        "FindRepairStation.IsTraining.sum": {
            "value": 1.0,
            "min": 1.0,
            "max": 1.0,
            "count": 10
        }
    },
    "metadata": {
        "timer_format_version": "0.1.0",
        "start_time_seconds": "1656155399",
        "python_version": "3.7.9 (tags/v3.7.9:13c94747c7, Aug 17 2020, 18:58:18) [MSC v.1900 64 bit (AMD64)]",
        "command_line_arguments": "D:\\Tiltan\\AI\\AI final project\\venv\\Scripts\\mlagents-learn --run-id=new2",
        "mlagents_version": "0.29.0",
        "mlagents_envs_version": "0.29.0",
        "communication_protocol_version": "1.5.0",
        "pytorch_version": "1.7.0+cu110",
        "numpy_version": "1.21.2",
        "end_time_seconds": "1656156050"
    },
    "total": 650.2821878,
    "count": 1,
    "self": 0.00894349999998667,
    "children": {
        "run_training.setup": {
            "total": 0.07524520000000001,
            "count": 1,
            "self": 0.07524520000000001
        },
        "TrainerController.start_learning": {
            "total": 650.1979991,
            "count": 1,
            "self": 1.051314400007982,
            "children": {
                "TrainerController._reset_env": {
                    "total": 4.816464399999999,
                    "count": 1,
                    "self": 4.816464399999999
                },
                "TrainerController.advance": {
                    "total": 644.3000763999919,
                    "count": 44652,
                    "self": 1.1212845999930323,
                    "children": {
                        "env_step": {
                            "total": 496.38625089999573,
                            "count": 44652,
                            "self": 451.7815032999955,
                            "children": {
                                "SubprocessEnvManager._take_step": {
                                    "total": 43.905440900005544,
                                    "count": 44652,
                                    "self": 2.82696720001136,
                                    "children": {
                                        "TorchPolicy.evaluate": {
                                            "total": 41.078473699994184,
                                            "count": 41692,
                                            "self": 6.496855599996813,
                                            "children": {
                                                "TorchPolicy.sample_actions": {
                                                    "total": 34.58161809999737,
                                                    "count": 41692,
                                                    "self": 34.58161809999737
                                                }
                                            }
                                        }
                                    }
                                },
                                "workers": {
                                    "total": 0.6993066999946542,
                                    "count": 44652,
                                    "self": 0.0,
                                    "children": {
                                        "worker_root": {
                                            "total": 643.9860663000127,
                                            "count": 44652,
                                            "is_parallel": true,