{
    "name": "root",
    "metadata": {
        "timer_format_version": "0.1.0",
        "start_time_seconds": "1656277342",
        "python_version": "3.7.9 (tags/v3.7.9:13c94747c7, Aug 17 2020, 18:58:18) [MSC v.1900 64 bit (AMD64)]",
        "command_line_arguments": "D:\\Tiltan\\AI\\AI final project\\venv\\Scripts\\mlagents-learn config/findGoal.yaml --initialize-from=FindGoal --run-id=FFFFF",
        "mlagents_version": "0.29.0",
        "mlagents_envs_version": "0.29.0",
        "communication_protocol_version": "1.5.0",
        "pytorch_version": "1.7.0+cu110",
        "numpy_version": "1.21.2",
        "end_time_seconds": "1656277348"
    },
    "total": 5.8923647,
    "count": 1,
    "self": 0.010355599999999576,
    "children": {
        "run_training.setup": {
            "total": 0.07457309999999995,
            "count": 1,
            "self": 0.07457309999999995
        },
        "TrainerController.start_learning": {
            "total": 5.807436,
            "count": 1,
            "self": 0.000576899999998659,
            "children": {
                "TrainerController._reset_env": {
                    "total": 4.8177342,
                    "count": 1,
                    "self": 4.8177342
                },
                "TrainerController.advance": {
                    "total": 0.9321854000000007,
                    "count": 20,
                    "self": 0.00048420000000071184,
                    "children": {
                        "env_step": {
                            "total": 0.7440582999999998,
                            "count": 20,
                            "self": 0.7290727000000015,
                            "children": {
                                "SubprocessEnvManager._take_step": {
                                    "total": 0.014717299999999156,
                                    "count": 20,
                                    "self": 0.0010880999999995922,
                                    "children": {
                                        "TorchPolicy.evaluate": {
                                            "total": 0.013629199999999564,
                                            "count": 13,
                                            "self": 0.0021858000000003486,
                                            "children": {
                                                "TorchPolicy.sample_actions": {
                                                    "total": 0.011443399999999215,
                                                    "count": 13,
                                                    "self": 0.011443399999999215
                                                }
                                            }
                                        }
                                    }
                                },
                                "workers": {
                                    "total": 0.00026829999999922194,
                                    "count": 20,
                                    "self": 0.0,
                                    "children": {
                                        "worker_root": {
                                            "total": 0.7773633000000011,
                                            "count": 20,
                                            "is_parallel": true,
                                            "self": 0.07690889999999939,
                                            "children": {
                                                "steps_from_proto": {
                                                    "total": 0.00041229999999981004,
                                                    "count": 1,
                                                    "is_parallel": true,
                                                    "self": 0.00012569999999900716,
                                                    "children": {
                                                        "_process_rank_one_or_two_observation": {
                                                            "total": 0.0002866000000008029,
                                                            "count": 2,
                                                            "is_parallel": true,
                                                            "self": 0.0002866000000008029
                                                        }
                                                    }
                                                },
                                                "UnityEnvironment.step": {
                                                    "total": 0.7000421000000019,
                                                    "count": 20,
                                                    "is_parallel": true,
                                                    "self": 0.002600700000009226,
                                                    "children": {
                                                        "UnityEnvironment._generate_step_input": {
                                                            "total": 0.004337799999998282,
                                                            "count": 20,
                                                            "is_parallel": true,
                                                            "self": 0.004337799999998282
                                                        },
                                                        "communicator.exchange": {
                                                            "total": 0.6874244999999961,
                                                            "count": 20,
                                                            "is_parallel": true,
                                                            "self": 0.6874244999999961
                                                        },
                                                        "steps_from_proto": {
                                                            "total": 0.005679099999998272,
                                                            "count": 20,
                                                            "is_parallel": true,
                                                            "self": 0.002609499999997489,
                                                            "children": {
                                                                "_process_rank_one_or_two_observation": {
                                                                    "total": 0.003069600000000783,
                                                                    "count": 40,
                                                                    "is_parallel": true,
                                                                    "self": 0.003069600000000783
                                                                }
                                                            }
                                                        }
                                                    }
                                                }
                                            }
                                        }
                                    }
                                }
                            }
                        },
                        "trainer_advance": {
                            "total": 0.18764290000000017,
                            "count": 20,
                            "self": 0.0004958000000030438,
                            "children": {
                                "process_trajectory": {
                                    "total": 0.020292599999996774,
                                    "count": 20,
                                    "self": 0.020292599999996774
                                },