{
    "name": "root",
    "gauges": {
        "FindGoal.Policy.Entropy.mean": {
            "value": 1.4474310874938965,
            "min": 1.417511224746704,
            "max": 1.4486370086669922,
            "count": 10
        },
        "FindGoal.Policy.Entropy.sum": {
            "value": 72429.453125,
            "min": 70960.609375,
            "max": 72595.3203125,
            "count": 10
        },
        "FindGoal.Environment.EpisodeLength.mean": {
            "value": 100.0326530612245,
            "min": 4.197172851054984,
            "max": 100.0326530612245,
            "count": 10
        },
        "FindGoal.Environment.EpisodeLength.sum": {
            "value": 49016.0,
            "min": 40381.0,
            "max": 49016.0,
            "count": 10
        },
        "FindGoal.Step.mean": {
            "value": 499949.0,
            "min": 49997.0,
            "max": 499949.0,
            "count": 10
        },
        "FindGoal.Step.sum": {
            "value": 499949.0,
            "min": 49997.0,
            "max": 499949.0,
            "count": 10
        },
        "FindGoal.Policy.ExtrinsicValueEstimate.mean": {
            "value": -7.245737075805664,
            "min": -13.837715148925781,
            "max": -7.245737075805664,
            "count": 10
        },
        "FindGoal.Policy.ExtrinsicValueEstimate.sum": {
            "value": -7593.5322265625,
            "min": -133201.84375,
            "max": -7593.5322265625,
            "count": 10
        },
        "FindGoal.Environment.CumulativeReward.mean": {
            "value": -10.0,
            "min": -10.0,
            "max": -9.997920997920998,
            "count": 10
        },
        "FindGoal.Environment.CumulativeReward.sum": {
            "value": -4900.0,
            "min": -96180.0,
            "max": -4900.0,
            "count": 10
        },
        "FindGoal.Policy.ExtrinsicReward.mean": {
            "value": -10.0,
            "min": -10.0,
            "max": -9.997920997920998,
            "count": 10
        },
        "FindGoal.Policy.ExtrinsicReward.sum": {
            "value": -4900.0,
            "min": -96180.0,
            "max": -4900.0,
            "count": 10
        },
        "FindGoal.Losses.PolicyLoss.mean": {
            "value": 0.028752339957281946,
            "min": 0.021742619725409897,
            "max": 0.03287314840126783,
            "count": 10
        },
        "FindGoal.Losses.PolicyLoss.sum": {
            "value": 0.14376169978640974,
            "min": 0.10483253919519485,
            "max": 0.14376169978640974,
            "count": 10
        },
        "FindGoal.Losses.ValueLoss.mean": {
            "value": 0.06987648405134679,
            "min": 0.011340467613190413,
            "max": 8.246425790471646,
            "count": 10
        },
        "FindGoal.Losses.ValueLoss.sum": {
            "value": 0.34938242025673394,
            "min": 0.05670233806595207,
            "max": 32.98570316188658,
            "count": 10
        },
        "FindGoal.Policy.LearningRate.mean": {
            "value": 1.6891894369400006e-05,
            "min": 1.6891894369400006e-05,
            "max": 0.00028463505512164996,
            "count": 10
        },
        "FindGoal.Policy.LearningRate.sum": {
            "value": 8.445947184700003e-05,
            "min": 8.445947184700003e-05,
            "max": 0.0012848394717202,
            "count": 10
        },
        "FindGoal.Policy.Epsilon.mean": {
            "value": 0.10563060000000002,
            "min": 0.10563060000000002,
            "max": 0.19487835,
            "count": 10
        },
        "FindGoal.Policy.Epsilon.sum": {
            "value": 0.5281530000000001,
            "min": 0.45950860000000004,
            "max": 0.9282798000000002,
            "count": 10
        },
        "FindGoal.Policy.Beta.mean": {
            "value": 0.00029096694000000007,
            "min": 0.00029096694000000007,
            "max": 0.004744429665000001,
            "count": 10
        },
        "FindGoal.Policy.Beta.sum": {
            "value": 0.0014548347000000004,
            "min": 0.0014548347000000004,
            "max": 0.021421162020000002,
            "count": 10
        },
        "FindGoal.IsTraining.mean": {
            "value": 1.0,
            "min": 1.0,
            "max": 1.0,
            "count": 10
        },
        "FindGoal.IsTraining.sum": {
            "value": 1.0,
            "min": 1.0,
            "max": 1.0,
            "count": 10
        }
    },
    "metadata": {
        "timer_format_version": "0.1.0",
        "start_time_seconds": "1656234722",
        "python_version": "3.7.9 (tags/v3.7.9:13c94747c7, Aug 17 2020, 18:58:18) [MSC v.1900 64 bit (AMD64)]",
        "command_line_arguments": "D:\\Tiltan\\AI\\AI final project\\venv\\Scripts\\mlagents-learn --run-id=testo",
        "mlagents_version": "0.29.0",
        "mlagents_envs_version": "0.29.0",
        "communication_protocol_version": "1.5.0",
        "pytorch_version": "1.7.0+cu110",
        "numpy_version": "1.21.2",
        "end_time_seconds": "1656235330"
    },
    "total": 607.2713954999999,
    "count": 1,
    "self": 0.010994999999979882,
    "children": {
        "run_training.setup": {
            "total": 0.07202530000000007,
            "count": 1,
            "self": 0.07202530000000007
        },
        "TrainerController.start_learning": {
            "total": 607.1883752,
            "count": 1,
            "self": 1.1347395000003644,
            "children": {
                "TrainerController._reset_env": {
                    "total": 4.7800463,
                    "count": 1,
                    "self": 4.7800463
                },
                "TrainerController.advance": {
                    "total": 601.2250149999996,
                    "count": 43174,
                    "self": 1.1499993000072664,
                    "children": {
                        "env_step": {
                            "total": 429.54099639999845,
                            "count": 43174,
                            "self": 404.3919219000041,
                            "children": {
                                "SubprocessEnvManager._take_step": {
                                    "total": 24.45628949999663,
                                    "count": 43174,
                                    "self": 2.0910791999930645,
                                    "children": {
                                        "TorchPolicy.evaluate": {
                                            "total": 22.365210300003564,
                                            "count": 25033,
                                            "self": 4.052641700003555,
                                            "children": {
                                                "TorchPolicy.sample_actions": {
                                                    "total": 18.31256860000001,
                                                    "count": 25033,
                                                    "self": 18.31256860000001
                                                }
                                            }
                                        }
                                    }
                                },
                                "workers": {
                                    "total": 0.6927849999977367,
                                    "count": 43174,
                                    "self": 0.0,
                                    "children": {
                                        "worker_root": {
                                            "total": 600.9930222000004,
                                            "count": 43174,
                                            "is_parallel": true,
                                            "self": 258.440564899997,