{
    "name": "root",
    "gauges": {
        "FindGoal.Policy.Entropy.mean": {
            "value": 1.4479538202285767,
            "min": 1.4210858345031738,
            "max": 1.4479538202285767,
            "count": 9
        },
        "FindGoal.Policy.Entropy.sum": {
            "value": 73932.5234375,
            "min": 71060.5078125,
            "max": 73932.5234375,
            "count": 9
        },
        "FindGoal.Environment.EpisodeLength.mean": {
            "value": 131.60382513661202,
            "min": 3.001040166426628,
            "max": 131.60382513661202,
            "count": 9
        },
        "FindGoal.Environment.EpisodeLength.sum": {
            "value": 48167.0,
            "min": 37501.0,
            "max": 48167.0,
            "count": 9
        },
        "FindGoal.Step.mean": {
            "value": 449943.0,
            "min": 49997.0,
            "max": 449943.0,
            "count": 9
        },
        "FindGoal.Step.sum": {
            "value": 449943.0,
            "min": 49997.0,
            "max": 449943.0,
            "count": 9
        },
        "FindGoal.Policy.ExtrinsicValueEstimate.mean": {
            "value": 29.846670150756836,
            "min": -9.851028442382812,
            "max": 29.846670150756836,
            "count": 9
        },
        "FindGoal.Policy.ExtrinsicValueEstimate.sum": {
            "value": 32980.5703125,
            "min": -123108.3046875,
            "max": 32980.5703125,
            "count": 9
        },
        "FindGoal.Environment.CumulativeReward.mean": {
            "value": -3.6512261580381473,
            "min": -10.0,
            "max": -3.6512261580381473,
            "count": 9
        },
        "FindGoal.Environment.CumulativeReward.sum": {
            "value": -1340.0,
            "min": -124970.0,
            "max": -1340.0,
            "count": 9
        },
        "FindGoal.Policy.ExtrinsicReward.mean": {
            "value": -3.6512261580381473,
            "min": -10.0,
            "max": -3.6512261580381473,
            "count": 9
        },
        "FindGoal.Policy.ExtrinsicReward.sum": {
            "value": -1340.0,
            "min": -124970.0,
            "max": -1340.0,
            "count": 9
        },
        "FindGoal.Losses.PolicyLoss.mean": {
            "value": 0.026693085501337366,
            "min": 0.021031946428896237,
            "max": 0.027070144957785182,
            "count": 9
        },
        "FindGoal.Losses.PolicyLoss.sum": {
            "value": 0.10677234200534946,
            "min": 0.10515973214448118,
            "max": 0.1312258578836918,
            "count": 9
        },
        "FindGoal.Losses.ValueLoss.mean": {
            "value": 5.207646748694507,
            "min": 0.0010134971720011285,
            "max": 5.207646748694507,
            "count": 9
        },
        "FindGoal.Losses.ValueLoss.sum": {
            "value": 20.830586994778027,
            "min": 0.005067485860005642,
            "max": 20.830586994778027,
            "count": 9
        },
        "FindGoal.Policy.LearningRate.mean": {
            "value": 4.376978541009999e-05,
            "min": 4.376978541009999e-05,
            "max": 0.0002846304051232,
            "count": 9
        },
        "FindGoal.Policy.LearningRate.sum": {
            "value": 0.00017507914164039995,
            "min": 0.00017507914164039995,
            "max": 0.0012848106717297998,
            "count": 9
        },
        "FindGoal.Policy.Epsilon.mean": {
            "value": 0.1145899,
            "min": 0.1145899,
            "max": 0.1948768,
            "count": 9
        },
        "FindGoal.Policy.Epsilon.sum": {
            "value": 0.4583596,
            "min": 0.4583596,
            "max": 0.9282702,
            "count": 9
        },
        "FindGoal.Policy.Beta.mean": {
            "value": 0.00073803601,
            "min": 0.00073803601,
            "max": 0.004744352320000001,
            "count": 9
        },
        "FindGoal.Policy.Beta.sum": {
            "value": 0.00295214404,
            "min": 0.00295214404,
            "max": 0.02142068298,
            "count": 9
        },
        "FindGoal.IsTraining.mean": {
            "value": 1.0,
            "min": 1.0,
            "max": 1.0,
            "count": 9
        },
        "FindGoal.IsTraining.sum": {
            "value": 1.0,
            "min": 1.0,
            "max": 1.0,
            "count": 9
        }
    },
    "metadata": {
        "timer_format_version": "0.1.0",
        "start_time_seconds": "1656233154",
        "python_version": "3.7.9 (tags/v3.7.9:13c94747c7, Aug 17 2020, 18:58:18) [MSC v.1900 64 bit (AMD64)]",
        "command_line_arguments": "D:\\Tiltan\\AI\\AI final project\\venv\\Scripts\\mlagents-learn --run-id=NewTest2",
        "mlagents_version": "0.29.0",
        "mlagents_envs_version": "0.29.0",
        "communication_protocol_version": "1.5.0",
        "pytorch_version": "1.7.0+cu110",
        "numpy_version": "1.21.2",
        "end_time_seconds": "1656233968"
    },
    "total": 813.8863958000001,
    "count": 1,
    "self": 10.005203200000096,
    "children": {
        "run_training.setup": {
            "total": 0.07114010000000004,
            "count": 1,
            "self": 0.07114010000000004
        },
        "TrainerController.start_learning": {
            "total": 803.8100525,
            "count": 1,
            "self": 1.5071933000009494,
            "children": {
                "TrainerController._reset_env": {
                    "total": 5.2092996000000005,
                    "count": 1,
                    "self": 5.2092996000000005
                },
                "TrainerController.advance": {
                    "total": 797.014405299999,
                    "count": 57445,
                    "self": 1.5541610999985096,
                    "children": {
                        "env_step": {
                            "total": 536.3591459000036,
                            "count": 57445,
                            "self": 512.1562039000146,
                            "children": {
                                "SubprocessEnvManager._take_step": {
                                    "total": 23.28443549999384,
                                    "count": 57447,
                                    "self": 2.0897606999897747,
                                    "children": {
                                        "TorchPolicy.evaluate": {
                                            "total": 21.194674800004066,
                                            "count": 23118,
                                            "self": 3.897090500009355,
                                            "children": {
                                                "TorchPolicy.sample_actions": {
                                                    "total": 17.29758429999471,
                                                    "count": 23118,
                                                    "self": 17.29758429999471
                                                }
                                            }
                                        }
                                    }
                                },
                                "workers": {
                                    "total": 0.9185064999951695,
                                    "count": 57444,
                                    "self": 0.0,
                                    "children": {
                                        "worker_root": {
                                            "total": 731.6701583999962,
                                            "count": 57444,
                                            "is_parallel": true,
                                            "self": 360.13952399998294,