{
    "name": "root",
    "gauges": {
        "FindGoalB.Policy.Entropy.mean": {
            "value": 1.0467209815979004,
            "min": 1.0467209815979004,
            "max": 1.1234190464019775,
            "count": 18
        },
        "FindGoalB.Policy.Entropy.sum": {
            "value": 10341.603515625,
            "min": 10341.603515625,
            "max": 11726.22265625,
            "count": 18
        },
        "FindGoalB.Environment.EpisodeLength.mean": {
            "value": 39.100401606425706,
            "min": 38.88844621513944,
            "max": 45.32710280373832,
            "count": 18
        },
        "FindGoalB.Environment.EpisodeLength.sum": {
            "value": 9736.0,
            "min": 9625.0,
            "max": 9892.0,
            "count": 18
        },
        "FindGoalB.Step.mean": {
            "value": 179977.0,
            "min": 9983.0,
            "max": 179977.0,
            "count": 18
        },
        "FindGoalB.Step.sum": {
            "value": 179977.0,
            "min": 9983.0,
            "max": 179977.0,
            "count": 18
        },
        "FindGoalB.Policy.ExtrinsicValueEstimate.mean": {
            "value": 0.6739855408668518,
            "min": 0.604197084903717,
            "max": 0.7391865253448486,
            "count": 18
        },
        "FindGoalB.Policy.ExtrinsicValueEstimate.sum": {
            "value": 171.86631774902344,
            "min": 148.02828979492188,
            "max": 184.796630859375,
            "count": 18
        },
        "FindGoalB.Environment.CumulativeReward.mean": {
            "value": 0.8313253012048193,
            "min": 0.7907949790794979,
            "max": 0.9253112033195021,
            "count": 18
        },
        "FindGoalB.Environment.CumulativeReward.sum": {
            "value": 207.0,
            "min": 180.0,
            "max": 223.0,
            "count": 18
        },
        "FindGoalB.Policy.ExtrinsicReward.mean": {
            "value": 0.8313253012048193,
            "min": 0.7907949790794979,
            "max": 0.9253112033195021,
            "count": 18
        },
        "FindGoalB.Policy.ExtrinsicReward.sum": {
            "value": 207.0,
            "min": 180.0,
            "max": 223.0,
            "count": 18
        },
        "FindGoalB.Losses.PolicyLoss.mean": {
            "value": 0.24834098026664728,
            "min": 0.2343472571523685,
            "max": 0.2498250270754804,
            "count": 18
        },
        "FindGoalB.Losses.PolicyLoss.sum": {
            "value": 19.867278421331783,
            "min": 18.713693198648,
            "max": 20.363288986231627,
            "count": 18
        },
        "FindGoalB.Losses.ValueLoss.mean": {
            "value": 0.03721797647549043,
            "min": 0.005580772270738289,
            "max": 0.04146608992966212,
            "count": 18
        },
        "FindGoalB.Losses.ValueLoss.sum": {
            "value": 2.9774381180392346,
            "min": 0.4464617816590631,
            "max": 3.441685464161956,
            "count": 18
        },
        "FindGoalB.Policy.LearningRate.mean": {
            "value": 0.000194969510010175,
            "min": 0.000194969510010175,
            "max": 0.00029695671851442745,
            "count": 18
        },
        "FindGoalB.Policy.LearningRate.sum": {
            "value": 0.015597560800814002,
            "min": 0.015597560800814002,
            "max": 0.023756537481154198,
            "count": 18
        },
        "FindGoalB.Policy.Epsilon.mean": {
            "value": 0.164989825,
            "min": 0.164989825,
            "max": 0.19898557249999999,
            "count": 18
        },
        "FindGoalB.Policy.Epsilon.sum": {
            "value": 13.199186000000001,
            "min": 13.199186000000001,
            "max": 15.9188458,
            "count": 18
        },
        "FindGoalB.Policy.Beta.mean": {
            "value": 0.0005000000000000001,
            "min": 0.0005000000000000001,
            "max": 0.0005000000000000001,
            "count": 18
        },
        "FindGoalB.Policy.Beta.sum": {
            "value": 0.04000000000000001,
            "min": 0.03900000000000001,
            "max": 0.04150000000000001,
            "count": 18
        },
        "FindGoalB.IsTraining.mean": {
            "value": 1.0,
            "min": 1.0,
            "max": 1.0,
            "count": 18
        },
        "FindGoalB.IsTraining.sum": {
            "value": 1.0,
            "min": 1.0,
            "max": 1.0,
            "count": 18
        }
    },
    "metadata": {
        "timer_format_version": "0.1.0",
        "start_time_seconds": "1656331848",
        "python_version": "3.7.9 (tags/v3.7.9:13c94747c7, Aug 17 2020, 18:58:18) [MSC v.1900 64 bit (AMD64)]",
        "command_line_arguments": "D:\\Tiltan\\AI\\AI final project\\venv\\Scripts\\mlagents-learn config/findGoal.yaml --initialize-from=BetterFinitoDeAI --run-id=BetterBetterFinitoDeAI",
        "mlagents_version": "0.29.0",
        "mlagents_envs_version": "0.29.0",
        "communication_protocol_version": "1.5.0",
        "pytorch_version": "1.7.0+cu110",
        "numpy_version": "1.21.2",
        "end_time_seconds": "1656332352"
    },
    "total": 504.08666070000004,
    "count": 1,
    "self": 0.012679400000081387,
    "children": {
        "run_training.setup": {
            "total": 0.18717170000000038,
            "count": 1,
            "self": 0.18717170000000038
        },
        "TrainerController.start_learning": {
            "total": 503.88680959999994,
            "count": 1,
            "self": 0.3019040000001496,
            "children": {
                "TrainerController._reset_env": {
                    "total": 11.2165149,
                    "count": 1,
                    "self": 11.2165149
                },
                "TrainerController.advance": {
                    "total": 491.9028568999998,
                    "count": 12610,
                    "self": 0.30594739999645526,
                    "children": {
                        "env_step": {
                            "total": 201.31903240000076,
                            "count": 12610,
                            "self": 192.4086138000013,
                            "children": {
                                "SubprocessEnvManager._take_step": {
                                    "total": 8.724876700000305,
                                    "count": 12610,
                                    "self": 0.6953743000016104,
                                    "children": {
                                        "TorchPolicy.evaluate": {
                                            "total": 8.029502399998695,
                                            "count": 9291,
                                            "self": 1.4023142999991727,
                                            "children": {
                                                "TorchPolicy.sample_actions": {
                                                    "total": 6.627188099999522,
                                                    "count": 9291,
                                                    "self": 6.627188099999522
                                                }
                                            }
                                        }
                                    }
                                },
                                "workers": {
                                    "total": 0.18554189999916915,
                                    "count": 12609,
                                    "self": 0.0,
                                    "children": {
                                        "worker_root": {
                                            "total": 431.2445710000037,
                                            "count": 12609,
                                            "is_parallel": true,