{
    "name": "root",
    "gauges": {
        "FindRepairStation.Policy.Entropy.mean": {
            "value": 1.4791995286941528,
            "min": 1.4269423484802246,
            "max": 1.4794977903366089,
            "count": 10
        },
        "FindRepairStation.Policy.Entropy.sum": {
            "value": 73930.390625,
            "min": 71952.140625,
            "max": 74069.578125,
            "count": 10
        },
        "FindRepairStation.Environment.EpisodeLength.mean": {
            "value": 36.552216378662656,
            "min": 36.533033033033036,
            "max": 85.00342465753425,
            "count": 10
        },
        "FindRepairStation.Environment.EpisodeLength.sum": {
            "value": 48651.0,
            "min": 48650.0,
            "max": 49642.0,
            "count": 10
        },
        "FindRepairStation.Step.mean": {
            "value": 499965.0,
            "min": 49986.0,
            "max": 499965.0,
            "count": 10
        },
        "FindRepairStation.Step.sum": {
            "value": 499965.0,
            "min": 49986.0,
            "max": 499965.0,
            "count": 10
        },
        "FindRepairStation.Policy.ExtrinsicValueEstimate.mean": {
            "value": -0.8316561579704285,
            "min": -226.1147918701172,
            "max": 13.247509002685547,
            "count": 10
        },
        "FindRepairStation.Policy.ExtrinsicValueEstimate.sum": {
            "value": -1106.934326171875,
            "min": -214582.9375,
            "max": 13830.3994140625,
            "count": 10
        },
        "FindRepairStation.Environment.CumulativeReward.mean": {
            "value": -1.0,
            "min": -1.0,
            "max": -0.9369250985545335,
            "count": 10
        },
        "FindRepairStation.Environment.CumulativeReward.sum": {
            "value": -1331.0,
            "min": -1332.0,
            "max": -548.0,
            "count": 10
        },
        "FindRepairStation.Policy.ExtrinsicReward.mean": {
            "value": -1.0,
            "min": -1.0,
            "max": -0.9369250985545335,
            "count": 10
        },
        "FindRepairStation.Policy.ExtrinsicReward.sum": {
            "value": -1331.0,
            "min": -1332.0,
            "max": -548.0,
            "count": 10
        },
        "FindRepairStation.Losses.PolicyLoss.mean": {
            "value": 0.023552159970325493,
            "min": 0.022093726150245248,
            "max": 0.30183536602999084,
            "count": 10
        },
        "FindRepairStation.Losses.PolicyLoss.sum": {
            "value": 0.11776079985162746,
            "min": 0.10552996537226136,
            "max": 1.2285942727699877,
            "count": 10
        },
        "FindRepairStation.Losses.ValueLoss.mean": {
            "value": 0.5578506120045981,
            "min": 0.5578506120045981,
            "max": 4205.652701250712,
            "count": 10
        },
        "FindRepairStation.Losses.ValueLoss.sum": {
            "value": 2.78925306002299,
            "min": 2.5572281459967297,
            "max": 16822.61080500285,
            "count": 10
        },
        "FindRepairStation.Policy.LearningRate.mean": {
            "value": 1.6630054456679998e-05,
            "min": 1.6630054456679998e-05,
            "max": 0.00028439115520294993,
            "count": 10
        },
        "FindRepairStation.Policy.LearningRate.sum": {
            "value": 8.315027228339998e-05,
            "min": 8.315027228339998e-05,
            "max": 0.0012834114721961998,
            "count": 10
        },
        "FindRepairStation.Policy.Epsilon.mean": {
            "value": 0.10554332000000002,
            "min": 0.10554332000000002,
            "max": 0.19479705000000005,
            "count": 10
        },
        "FindRepairStation.Policy.Epsilon.sum": {
            "value": 0.5277166000000001,
            "min": 0.5001226000000001,
            "max": 0.9278037999999998,
            "count": 10
        },
        "FindRepairStation.Policy.Beta.mean": {
            "value": 0.000286611668,
            "min": 0.000286611668,
            "max": 0.004740372795,
            "count": 10
        },
        "FindRepairStation.Policy.Beta.sum": {
            "value": 0.00143305834,
            "min": 0.00143305834,
            "max": 0.021397409620000005,
            "count": 10
        },
        "FindRepairStation.IsTraining.mean": {
            "value": 1.0,
            "min": 1.0,
            "max": 1.0,
            "count": 10
        },
        "FindRepairStation.IsTraining.sum": {
            "value": 1.0,
            "min": 1.0,
            "max": 1.0,
            "count": 10
        }
    },
    "metadata": {
        "timer_format_version": "0.1.0",
        "start_time_seconds": "1656154335",
        "python_version": "3.7.9 (tags/v3.7.9:13c94747c7, Aug 17 2020, 18:58:18) [MSC v.1900 64 bit (AMD64)]",
        "command_line_arguments": "D:\\Tiltan\\AI\\AI final project\\venv\\Scripts\\mlagents-learn --run-id=New",
        "mlagents_version": "0.29.0",
        "mlagents_envs_version": "0.29.0",
        "communication_protocol_version": "1.5.0",
        "pytorch_version": "1.7.0+cu110",
        "numpy_version": "1.21.2",
        "end_time_seconds": "1656155070"
    },
    "total": 734.7361930999999,
    "count": 1,
    "self": 0.020094599999879392,
    "children": {
        "run_training.setup": {
            "total": 0.15260619999999925,
            "count": 1,
            "self": 0.15260619999999925
        },
        "TrainerController.start_learning": {
            "total": 734.5634923,
            "count": 1,
            "self": 1.334066300006043,
            "children": {
                "TrainerController._reset_env": {
                    "total": 9.382463399999999,
                    "count": 1,
                    "self": 9.382463399999999
                },
                "TrainerController.advance": {
                    "total": 723.752586999994,
                    "count": 50768,
                    "self": 1.421817799985888,
                    "children": {
                        "env_step": {
                            "total": 559.8927335000013,
                            "count": 50768,
                            "self": 511.28146269999405,
                            "children": {
                                "SubprocessEnvManager._take_step": {
                                    "total": 47.762805000007,
                                    "count": 50768,
                                    "self": 3.201041800005676,
                                    "children": {
                                        "TorchPolicy.evaluate": {
                                            "total": 44.56176320000132,
                                            "count": 41688,
                                            "self": 6.996208599997445,
                                            "children": {
                                                "TorchPolicy.sample_actions": {
                                                    "total": 37.56555460000388,
                                                    "count": 41688,
                                                    "self": 37.56555460000388
                                                }
                                            }
                                        }
                                    }
                                },
                                "workers": {
                                    "total": 0.8484658000002696,
                                    "count": 50768,
                                    "self": 0.0,
                                    "children": {
                                        "worker_root": {
                                            "total": 723.8958079999989,
                                            "count": 50768,