{
    "name": "root",
    "metadata": {
        "timer_format_version": "0.1.0",
        "start_time_seconds": "1656277607",
        "python_version": "3.7.9 (tags/v3.7.9:13c94747c7, Aug 17 2020, 18:58:18) [MSC v.1900 64 bit (AMD64)]",
        "command_line_arguments": "D:\\Tiltan\\AI\\AI final project\\venv\\Scripts\\mlagents-learn config/findGoal.yaml --initialize-from=FindGoal --run-id=VVV",
        "mlagents_version": "0.29.0",
        "mlagents_envs_version": "0.29.0",
        "communication_protocol_version": "1.5.0",
        "pytorch_version": "1.7.0+cu110",
        "numpy_version": "1.21.2",
        "end_time_seconds": "1656277617"
    },
    "total": 9.663230500000001,
    "count": 1,
    "self": 0.010896300000002412,
    "children": {
        "run_training.setup": {
            "total": 0.07481470000000001,
            "count": 1,
            "self": 0.07481470000000001
        },
        "TrainerController.start_learning": {
            "total": 9.5775195,
            "count": 1,
            "self": 0.0009209000000005574,
            "children": {
                "TrainerController._reset_env": {
                    "total": 8.3987296,
                    "count": 1,
                    "self": 8.3987296
                },
                "TrainerController.advance": {
                    "total": 1.1199534,
                    "count": 35,
                    "self": 0.0008428000000044733,
                    "children": {
                        "env_step": {
                            "total": 0.9252991999999924,
                            "count": 35,
                            "self": 0.8975374999999861,
                            "children": {
                                "SubprocessEnvManager._take_step": {
                                    "total": 0.02729150000000402,
                                    "count": 35,
                                    "self": 0.002007800000004778,
                                    "children": {
                                        "TorchPolicy.evaluate": {
                                            "total": 0.025283699999999243,
                                            "count": 25,
                                            "self": 0.004041799999994211,
                                            "children": {
                                                "TorchPolicy.sample_actions": {
                                                    "total": 0.021241900000005032,
                                                    "count": 25,
                                                    "self": 0.021241900000005032
                                                }
                                            }
                                        }
                                    }
                                },
                                "workers": {
                                    "total": 0.00047020000000230766,
                                    "count": 35,
                                    "self": 0.0,
                                    "children": {
                                        "worker_root": {
                                            "total": 0.961522799999992,
                                            "count": 35,
                                            "is_parallel": true,
                                            "self": 0.11626889999999435,
                                            "children": {
                                                "steps_from_proto": {
                                                    "total": 0.00047140000000034377,
                                                    "count": 1,
                                                    "is_parallel": true,
                                                    "self": 0.00013710000000166644,
                                                    "children": {
                                                        "_process_rank_one_or_two_observation": {
                                                            "total": 0.0003342999999986773,
                                                            "count": 2,
                                                            "is_parallel": true,
                                                            "self": 0.0003342999999986773
                                                        }
                                                    }
                                                },
                                                "UnityEnvironment.step": {
                                                    "total": 0.8447824999999973,
                                                    "count": 35,
                                                    "is_parallel": true,
                                                    "self": 0.004779099999982606,
                                                    "children": {
                                                        "UnityEnvironment._generate_step_input": {
                                                            "total": 0.010653500000003646,
                                                            "count": 35,
                                                            "is_parallel": true,
                                                            "self": 0.010653500000003646
                                                        },
                                                        "communicator.exchange": {
                                                            "total": 0.8186164000000034,
                                                            "count": 35,
                                                            "is_parallel": true,
                                                            "self": 0.8186164000000034
                                                        },
                                                        "steps_from_proto": {
                                                            "total": 0.010733500000007723,
                                                            "count": 35,
                                                            "is_parallel": true,
                                                            "self": 0.004976300000000933,
                                                            "children": {
                                                                "_process_rank_one_or_two_observation": {
                                                                    "total": 0.00575720000000679,
                                                                    "count": 70,
                                                                    "is_parallel": true,
                                                                    "self": 0.00575720000000679
                                                                }
                                                            }
                                                        }
                                                    }
                                                }
                                            }
                                        }
                                    }
                                }
                            }
                        },
                        "trainer_advance": {
                            "total": 0.19381140000000308,
                            "count": 35,
                            "self": 0.0009150000000026637,
                            "children": {
                                "process_trajectory": {
                                    "total": 0.021636900000000736,
                                    "count": 35,
                                    "self": 0.021636900000000736
                                },