{
    "name": "root",
    "gauges": {
        "FindGoal.Policy.Entropy.mean": {
            "value": 1.4666815996170044,
            "min": 1.4221880435943604,
            "max": 1.4698652029037476,
            "count": 10
        },
        "FindGoal.Policy.Entropy.sum": {
            "value": 73246.078125,
            "min": 71507.6171875,
            "max": 73598.453125,
            "count": 10
        },
        "FindGoal.Environment.EpisodeLength.mean": {
            "value": 114.33333333333333,
            "min": 33.990902729181244,
            "max": 114.33333333333333,
            "count": 10
        },
        "FindGoal.Environment.EpisodeLength.sum": {
            "value": 49392.0,
            "min": 48573.0,
            "max": 49561.0,
            "count": 10
        },
        "FindGoal.Step.mean": {
            "value": 499955.0,
            "min": 49967.0,
            "max": 499955.0,
            "count": 10
        },
        "FindGoal.Step.sum": {
            "value": 499955.0,
            "min": 49967.0,
            "max": 499955.0,
            "count": 10
        },
        "FindGoal.Policy.ExtrinsicValueEstimate.mean": {
            "value": -4.765596866607666,
            "min": -8.436952590942383,
            "max": -4.765596866607666,
            "count": 10
        },
        "FindGoal.Policy.ExtrinsicValueEstimate.sum": {
            "value": -5361.29638671875,
            "min": -11221.146484375,
            "max": -5361.29638671875,
            "count": 10
        },
        "FindGoal.Environment.CumulativeReward.mean": {
            "value": -5.277777777777778,
            "min": -10.0,
            "max": -5.277777777777778,
            "count": 10
        },
        "FindGoal.Environment.CumulativeReward.sum": {
            "value": -2280.0,
            "min": -14280.0,
            "max": -2280.0,
            "count": 10
        },
        "FindGoal.Policy.ExtrinsicReward.mean": {
            "value": -5.277777777777778,
            "min": -10.0,
            "max": -5.277777777777778,
            "count": 10
        },
        "FindGoal.Policy.ExtrinsicReward.sum": {
            "value": -2280.0,
            "min": -14280.0,
            "max": -2280.0,
            "count": 10
        },
        "FindGoal.Losses.PolicyLoss.mean": {
            "value": 0.02611956381704659,
            "min": 0.020387271049354845,
            "max": 0.02611956381704659,
            "count": 10
        },
        "FindGoal.Losses.PolicyLoss.sum": {
            "value": 0.13059781908523294,
            "min": 0.08744766320257137,
            "max": 0.13059781908523294,
            "count": 10
        },
        "FindGoal.Losses.ValueLoss.mean": {
            "value": 0.2046670463681221,
            "min": 0.015453097472588221,
            "max": 2.652435963600874,
            "count": 10
        },
        "FindGoal.Losses.ValueLoss.sum": {
            "value": 1.0233352318406106,
            "min": 0.0772654873629411,
            "max": 10.609743854403495,
            "count": 10
        },
        "FindGoal.Policy.LearningRate.mean": {
            "value": 1.6648174450640003e-05,
            "min": 1.6648174450640003e-05,
            "max": 0.00028463085512304997,
            "count": 10
        },
        "FindGoal.Policy.LearningRate.sum": {
            "value": 8.324087225320002e-05,
            "min": 8.324087225320002e-05,
            "max": 0.0012846690717769997,
            "count": 10
        },
        "FindGoal.Policy.Epsilon.mean": {
            "value": 0.10554936,
            "min": 0.10554936,
            "max": 0.19487695000000005,
            "count": 10
        },
        "FindGoal.Policy.Epsilon.sum": {
            "value": 0.5277468,
            "min": 0.5002892,
            "max": 0.9282230000000001,
            "count": 10
        },
        "FindGoal.Policy.Beta.mean": {
            "value": 0.00028691306400000004,
            "min": 0.00028691306400000004,
            "max": 0.004744359805,
            "count": 10
        },
        "FindGoal.Policy.Beta.sum": {
            "value": 0.00143456532,
            "min": 0.00143456532,
            "max": 0.0214183277,
            "count": 10
        },
        "FindGoal.IsTraining.mean": {
            "value": 1.0,
            "min": 1.0,
            "max": 1.0,
            "count": 10
        },
        "FindGoal.IsTraining.sum": {
            "value": 1.0,
            "min": 1.0,
            "max": 1.0,
            "count": 10
        }
    },
    "metadata": {
        "timer_format_version": "0.1.0",
        "start_time_seconds": "1656232604",
        "python_version": "3.7.9 (tags/v3.7.9:13c94747c7, Aug 17 2020, 18:58:18) [MSC v.1900 64 bit (AMD64)]",
        "command_line_arguments": "D:\\Tiltan\\AI\\AI final project\\venv\\Scripts\\mlagents-learn --run-id=test99",
        "mlagents_version": "0.29.0",
        "mlagents_envs_version": "0.29.0",
        "communication_protocol_version": "1.5.0",
        "pytorch_version": "1.7.0+cu110",
        "numpy_version": "1.21.2",
        "end_time_seconds": "1656233136"
    },
    "total": 532.4104148,
    "count": 1,
    "self": 0.006890999999995984,
    "children": {
        "run_training.setup": {
            "total": 0.07183870000000003,
            "count": 1,
            "self": 0.07183870000000003
        },
        "TrainerController.start_learning": {
            "total": 532.3316851000001,
            "count": 1,
            "self": 0.7886985000008053,
            "children": {
                "TrainerController._reset_env": {
                    "total": 9.246881299999998,
                    "count": 1,
                    "self": 9.246881299999998
                },
                "TrainerController.advance": {
                    "total": 522.2482411999991,
                    "count": 31478,
                    "self": 0.8389431000013019,
                    "children": {
                        "env_step": {
                            "total": 378.8645381999951,
                            "count": 31478,
                            "self": 354.87743049999034,
                            "children": {
                                "SubprocessEnvManager._take_step": {
                                    "total": 23.48059100000342,
                                    "count": 31478,
                                    "self": 1.923418100002273,
                                    "children": {
                                        "TorchPolicy.evaluate": {
                                            "total": 21.55717290000115,
                                            "count": 25032,
                                            "self": 3.9862492000059504,
                                            "children": {
                                                "TorchPolicy.sample_actions": {
                                                    "total": 17.5709236999952,
                                                    "count": 25032,
                                                    "self": 17.5709236999952
                                                }
                                            }
                                        }
                                    }
                                },
                                "workers": {
                                    "total": 0.5065167000013293,
                                    "count": 31478,
                                    "self": 0.0,
                                    "children": {
                                        "worker_root": {
                                            "total": 521.9941923999991,
                                            "count": 31478,
                                            "is_parallel": true,
                                            "self": 217.47692409999462,