{
    "name": "root",
    "gauges": {
        "FindGoalB.Policy.Entropy.mean": {
            "value": 1.9539703130722046,
            "min": 1.4805777072906494,
            "max": 1.9818611145019531,
            "count": 50
        },
        "FindGoalB.Policy.Entropy.sum": {
            "value": 19422.46484375,
            "min": 15427.6201171875,
            "max": 20092.357421875,
            "count": 50
        },
        "FindGoalB.Environment.EpisodeLength.mean": {
            "value": 68.6875,
            "min": 6.268115942028985,
            "max": 68.6875,
            "count": 50
        },
        "FindGoalB.Environment.EpisodeLength.sum": {
            "value": 9891.0,
            "min": 8650.0,
            "max": 9985.0,
            "count": 50
        },
        "FindGoalB.Step.mean": {
            "value": 499964.0,
            "min": 9996.0,
            "max": 499964.0,
            "count": 50
        },
        "FindGoalB.Step.sum": {
            "value": 499964.0,
            "min": 9996.0,
            "max": 499964.0,
            "count": 50
        },
        "FindGoalB.Policy.ExtrinsicValueEstimate.mean": {
            "value": -0.832324743270874,
            "min": -1.2514582872390747,
            "max": -0.7484236359596252,
            "count": 50
        },
        "FindGoalB.Policy.ExtrinsicValueEstimate.sum": {
            "value": -234.715576171875,
            "min": -1728.263916015625,
            "max": -131.72256469726562,
            "count": 50
        },
        "FindGoalB.Environment.CumulativeReward.mean": {
            "value": -1.0,
            "min": -1.0,
            "max": -1.0,
            "count": 50
        },
        "FindGoalB.Environment.CumulativeReward.sum": {
            "value": -144.0,
            "min": -1379.0,
            "max": -144.0,
            "count": 50
        },
        "FindGoalB.Policy.ExtrinsicReward.mean": {
            "value": -1.0,
            "min": -1.0,
            "max": -1.0,
            "count": 50
        },
        "FindGoalB.Policy.ExtrinsicReward.sum": {
            "value": -144.0,
            "min": -1379.0,
            "max": -144.0,
            "count": 50
        },
        "FindGoalB.Losses.PolicyLoss.mean": {
            "value": 0.2395049633942307,
            "min": 0.2359810755532294,
            "max": 0.254084756077072,
            "count": 50
        },
        "FindGoalB.Losses.PolicyLoss.sum": {
            "value": 16.286337510807687,
            "min": 16.286337510807687,
            "max": 22.085847819470242,
            "count": 50
        },
        "FindGoalB.Losses.ValueLoss.mean": {
            "value": 0.0010367566195555015,
            "min": 0.0010367566195555015,
            "max": 1.4894147305291678,
            "count": 50
        },
        "FindGoalB.Losses.ValueLoss.sum": {
            "value": 0.0704994501297741,
            "min": 0.0704994501297741,
            "max": 128.08966682550843,
            "count": 50
        },
        "FindGoalB.Policy.LearningRate.mean": {
            "value": 3.098940143523528e-06,
            "min": 3.098940143523528e-06,
            "max": 0.0002969272754428465,
            "count": 50
        },
        "FindGoalB.Policy.LearningRate.sum": {
            "value": 0.0002107279297595999,
            "min": 0.0002107279297595999,
            "max": 0.025535745688084796,
            "count": 50
        },
        "FindGoalB.Policy.Epsilon.mean": {
            "value": 0.10103294705882353,
            "min": 0.10103294705882353,
            "max": 0.19897575813953486,
            "count": 50
        },
        "FindGoalB.Policy.Epsilon.sum": {
            "value": 6.8702404,
            "min": 6.8702404,
            "max": 17.1119152,
            "count": 50
        },
        "FindGoalB.Policy.Beta.mean": {
            "value": 0.0005,
            "min": 0.0005,
            "max": 0.0005000000000000001,
            "count": 50
        },
        "FindGoalB.Policy.Beta.sum": {
            "value": 0.034,
            "min": 0.034,
            "max": 0.04600000000000001,
            "count": 50
        },
        "FindGoalB.IsTraining.mean": {
            "value": 1.0,
            "min": 1.0,
            "max": 1.0,
            "count": 50
        },
        "FindGoalB.IsTraining.sum": {
            "value": 1.0,
            "min": 1.0,
            "max": 1.0,
            "count": 50
        }
    },
    "metadata": {
        "timer_format_version": "0.1.0",
        "start_time_seconds": "1656280058",
        "python_version": "3.7.9 (tags/v3.7.9:13c94747c7, Aug 17 2020, 18:58:18) [MSC v.1900 64 bit (AMD64)]",
        "command_line_arguments": "D:\\Tiltan\\AI\\AI final project\\venv\\Scripts\\mlagents-learn config/findGoal.yaml --run-id=NewBTest",
        "mlagents_version": "0.29.0",
        "mlagents_envs_version": "0.29.0",
        "communication_protocol_version": "1.5.0",
        "pytorch_version": "1.7.0+cu110",
        "numpy_version": "1.21.2",
        "end_time_seconds": "1656281420"
    },
    "total": 1361.9509469,
    "count": 1,
    "self": 0.010907300000098985,
    "children": {
        "run_training.setup": {
            "total": 0.09546569999999999,
            "count": 1,
            "self": 0.09546569999999999
        },
        "TrainerController.start_learning": {
            "total": 1361.8445739,
            "count": 1,
            "self": 0.8778207000066232,
            "children": {
                "TrainerController._reset_env": {
                    "total": 8.3905425,
                    "count": 1,
                    "self": 8.3905425
                },
                "TrainerController.advance": {
                    "total": 1352.5285842999933,
                    "count": 33140,
                    "self": 0.8586508999767375,
                    "children": {
                        "env_step": {
                            "total": 478.3296282000129,
                            "count": 33140,
                            "self": 453.58993610000243,
                            "children": {
                                "SubprocessEnvManager._take_step": {
                                    "total": 24.22863650000141,
                                    "count": 33141,
                                    "self": 2.038141500006226,
                                    "children": {
                                        "TorchPolicy.evaluate": {
                                            "total": 22.190494999995185,
                                            "count": 25037,
                                            "self": 4.115621399990911,
                                            "children": {
                                                "TorchPolicy.sample_actions": {
                                                    "total": 18.074873600004274,
                                                    "count": 25037,
                                                    "self": 18.074873600004274
                                                }
                                            }
                                        }
                                    }
                                },
                                "workers": {
                                    "total": 0.511055600009044,
                                    "count": 33140,
                                    "self": 0.0,
                                    "children": {
                                        "worker_root": {
                                            "total": 1332.4263336999982,
                                            "count": 33140,
                                            "is_parallel": true,
                                            "self": 951.3247131000076,