{
    "name": "root",
    "gauges": {
        "FindRepairStation.Policy.Entropy.mean": {
            "value": 1.490764856338501,
            "min": 1.4281190633773804,
            "max": 1.490764856338501,
            "count": 10
        },
        "FindRepairStation.Policy.Entropy.sum": {
            "value": 74612.78125,
            "min": 71156.140625,
            "max": 74719.65625,
            "count": 10
        },
        "FindRepairStation.Environment.EpisodeLength.mean": {
            "value": 11.801023017902814,
            "min": 11.0,
            "max": 27.997113163972287,
            "count": 10
        },
        "FindRepairStation.Environment.EpisodeLength.sum": {
            "value": 46142.0,
            "min": 45925.0,
            "max": 48491.0,
            "count": 10
        },
        "FindRepairStation.Step.mean": {
            "value": 499996.0,
            "min": 49992.0,
            "max": 499996.0,
            "count": 10
        },
        "FindRepairStation.Step.sum": {
            "value": 499996.0,
            "min": 49992.0,
            "max": 499996.0,
            "count": 10
        },
        "FindRepairStation.Policy.ExtrinsicValueEstimate.mean": {
            "value": -0.914460301399231,
            "min": -821.4338989257812,
            "max": 0.1951659619808197,
            "count": 10
        },
        "FindRepairStation.Policy.ExtrinsicValueEstimate.sum": {
            "value": -3570.967529296875,
            "min": -3422093.5,
            "max": 573.3975830078125,
            "count": 10
        },
        "FindRepairStation.Environment.CumulativeReward.mean": {
            "value": -1.0,
            "min": -1.0,
            "max": -0.9988465974625144,
            "count": 10
        },
        "FindRepairStation.Environment.CumulativeReward.sum": {
            "value": -3905.0,
            "min": -4166.0,
            "max": -1732.0,
            "count": 10
        },
        "FindRepairStation.Policy.ExtrinsicReward.mean": {
            "value": -1.0,
            "min": -1.0,
            "max": -0.9988465974625144,
            "count": 10
        },
        "FindRepairStation.Policy.ExtrinsicReward.sum": {
            "value": -3905.0,
            "min": -4166.0,
            "max": -1732.0,
            "count": 10
        },
        "FindRepairStation.Losses.PolicyLoss.mean": {
            "value": 0.13883014243949826,
            "min": 0.13883014243949826,
            "max": 1.681007028828996,
            "count": 10
        },
        "FindRepairStation.Losses.PolicyLoss.sum": {
            "value": 0.6941507121974914,
            "min": 0.6941507121974914,
            "max": 8.40503514414498,
            "count": 10
        },
        "FindRepairStation.Losses.ValueLoss.mean": {
            "value": 4.498774131139119,
            "min": 3.921895979245504,
            "max": 256765.95614591838,
            "count": 10
        },
        "FindRepairStation.Losses.ValueLoss.sum": {
            "value": 22.493870655695595,
            "min": 19.551336971918744,
            "max": 1027063.8245836735,
            "count": 10
        },
        "FindRepairStation.Policy.LearningRate.mean": {
            "value": 1.3084895638400005e-05,
            "min": 1.3084895638400005e-05,
            "max": 0.00028445880518039997,
            "count": 10
        },
        "FindRepairStation.Policy.LearningRate.sum": {
            "value": 6.542447819200002e-05,
            "min": 6.542447819200002e-05,
            "max": 0.0012823938725354,
            "count": 10
        },
        "FindRepairStation.Policy.Epsilon.mean": {
            "value": 0.10436160000000001,
            "min": 0.10436160000000001,
            "max": 0.19481959999999995,
            "count": 10
        },
        "FindRepairStation.Policy.Epsilon.sum": {
            "value": 0.521808,
            "min": 0.521808,
            "max": 0.9274646,
            "count": 10
        },
        "FindRepairStation.Policy.Beta.mean": {
            "value": 0.00022764384000000006,
            "min": 0.00022764384000000006,
            "max": 0.00474149804,
            "count": 10
        },
        "FindRepairStation.Policy.Beta.sum": {
            "value": 0.0011382192000000003,
            "min": 0.0011382192000000003,
            "max": 0.02138048354,
            "count": 10
        },
        "FindRepairStation.IsTraining.mean": {
            "value": 1.0,
            "min": 1.0,
            "max": 1.0,
            "count": 10
        },
        "FindRepairStation.IsTraining.sum": {
            "value": 1.0,
            "min": 1.0,
            "max": 1.0,
            "count": 10
        }
    },
    "metadata": {
        "timer_format_version": "0.1.0",
        "start_time_seconds": "1656091203",
        "python_version": "3.7.9 (tags/v3.7.9:13c94747c7, Aug 17 2020, 18:58:18) [MSC v.1900 64 bit (AMD64)]",
        "command_line_arguments": "D:\\Tiltan\\AI\\AI final project\\venv\\Scripts\\mlagents-learn --run-id=Champo",
        "mlagents_version": "0.29.0",
        "mlagents_envs_version": "0.29.0",
        "communication_protocol_version": "1.5.0",
        "pytorch_version": "1.7.0+cu110",
        "numpy_version": "1.21.2",
        "end_time_seconds": "1656091644"
    },
    "total": 441.4026827,
    "count": 1,
    "self": 0.011147100000016508,
    "children": {
        "run_training.setup": {
            "total": 0.07533659999999998,
            "count": 1,
            "self": 0.07533659999999998
        },
        "TrainerController.start_learning": {
            "total": 441.316199,
            "count": 1,
            "self": 0.3597920999983444,
            "children": {
                "TrainerController._reset_env": {
                    "total": 6.8656096,
                    "count": 1,
                    "self": 6.8656096
                },
                "TrainerController.advance": {
                    "total": 434.0479179000016,
                    "count": 13673,
                    "self": 0.40556100000196693,
                    "children": {
                        "env_step": {
                            "total": 247.26258210000017,
                            "count": 13673,
                            "self": 226.4954671000018,
                            "children": {
                                "SubprocessEnvManager._take_step": {
                                    "total": 20.52905020000005,
                                    "count": 13673,
                                    "self": 1.129496699995606,
                                    "children": {
                                        "TorchPolicy.evaluate": {
                                            "total": 19.399553500004444,
                                            "count": 10499,
                                            "self": 2.0210490000051564,
                                            "children": {
                                                "TorchPolicy.sample_actions": {
                                                    "total": 17.378504499999288,
                                                    "count": 10499,
                                                    "self": 17.378504499999288
                                                }
                                            }
                                        }
                                    }
                                },
                                "workers": {
                                    "total": 0.23806479999833563,
                                    "count": 13673,
                                    "self": 0.0,
                                    "children": {
                                        "worker_root": {
                                            "total": 433.8540491999999,
                                            "count": 13673,
                                            "is_parallel": true,