{
    "name": "root",
    "gauges": {
        "FindGoal.Policy.Entropy.mean": {
            "value": 1.383744716644287,
            "min": 1.383744716644287,
            "max": 1.4161077737808228,
            "count": 5
        },
        "FindGoal.Policy.Entropy.sum": {
            "value": 69242.5859375,
            "min": 69242.5859375,
            "max": 70918.6796875,
            "count": 5
        },
        "FindGoal.Environment.EpisodeLength.mean": {
            "value": 114.75355450236967,
            "min": 5.429802005656981,
            "max": 114.75355450236967,
            "count": 5
        },
        "FindGoal.Environment.EpisodeLength.sum": {
            "value": 48426.0,
            "min": 42233.0,
            "max": 48426.0,
            "count": 5
        },
        "FindGoal.Step.mean": {
            "value": 249997.0,
            "min": 49998.0,
            "max": 249997.0,
            "count": 5
        },
        "FindGoal.Step.sum": {
            "value": 249997.0,
            "min": 49998.0,
            "max": 249997.0,
            "count": 5
        },
        "FindGoal.Policy.ExtrinsicValueEstimate.mean": {
            "value": -0.6840366125106812,
            "min": -8.140105247497559,
            "max": -0.6840366125106812,
            "count": 5
        },
        "FindGoal.Policy.ExtrinsicValueEstimate.sum": {
            "value": -710.030029296875,
            "min": -63297.45703125,
            "max": -710.030029296875,
            "count": 5
        },
        "FindGoal.Environment.CumulativeReward.mean": {
            "value": -0.7061611374407583,
            "min": -1.0,
            "max": -0.7061611374407583,
            "count": 5
        },
        "FindGoal.Environment.CumulativeReward.sum": {
            "value": -298.0,
            "min": -7776.0,
            "max": -298.0,
            "count": 5
        },
        "FindGoal.Policy.ExtrinsicReward.mean": {
            "value": -0.7061611374407583,
            "min": -1.0,
            "max": -0.7061611374407583,
            "count": 5
        },
        "FindGoal.Policy.ExtrinsicReward.sum": {
            "value": -298.0,
            "min": -7776.0,
            "max": -298.0,
            "count": 5
        },
        "FindGoal.Losses.PolicyLoss.mean": {
            "value": 0.024538162980849543,
            "min": 0.022578647752913333,
            "max": 0.027056918885985704,
            "count": 5
        },
        "FindGoal.Losses.PolicyLoss.sum": {
            "value": 0.12269081490424771,
            "min": 0.10822767554394282,
            "max": 0.13047825599399707,
            "count": 5
        },
        "FindGoal.Losses.ValueLoss.mean": {
            "value": 0.007903900165110826,
            "min": 0.004101914598916968,
            "max": 25.93551795405025,
            "count": 5
        },
        "FindGoal.Losses.ValueLoss.sum": {
            "value": 0.03951950082555413,
            "min": 0.02050957299458484,
            "max": 103.742071816201,
            "count": 5
        },
        "FindGoal.Policy.LearningRate.mean": {
            "value": 0.0001646736451088,
            "min": 0.0001646736451088,
            "max": 0.00028463205512264993,
            "count": 5
        },
        "FindGoal.Policy.LearningRate.sum": {
            "value": 0.000823368225544,
            "min": 0.000823368225544,
            "max": 0.0012848268717244,
            "count": 5
        },
        "FindGoal.Policy.Epsilon.mean": {
            "value": 0.15489119999999998,
            "min": 0.15489119999999998,
            "max": 0.19487735000000003,
            "count": 5
        },
        "FindGoal.Policy.Epsilon.sum": {
            "value": 0.7744559999999999,
            "min": 0.7744559999999999,
            "max": 0.9282756000000001,
            "count": 5
        },
        "FindGoal.Policy.Beta.mean": {
            "value": 0.0027490708800000005,
            "min": 0.0027490708800000005,
            "max": 0.004744379765,
            "count": 5
        },
        "FindGoal.Policy.Beta.sum": {
            "value": 0.013745354400000003,
            "min": 0.013745354400000003,
            "max": 0.021420952440000002,
            "count": 5
        },
        "FindGoal.IsTraining.mean": {
            "value": 1.0,
            "min": 1.0,
            "max": 1.0,
            "count": 5
        },
        "FindGoal.IsTraining.sum": {
            "value": 1.0,
            "min": 1.0,
            "max": 1.0,
            "count": 5
        }
    },
    "metadata": {
        "timer_format_version": "0.1.0",
        "start_time_seconds": "1656231772",
        "python_version": "3.7.9 (tags/v3.7.9:13c94747c7, Aug 17 2020, 18:58:18) [MSC v.1900 64 bit (AMD64)]",
        "command_line_arguments": "D:\\Tiltan\\AI\\AI final project\\venv\\Scripts\\mlagents-learn --run-id=FindGoal",
        "mlagents_version": "0.29.0",
        "mlagents_envs_version": "0.29.0",
        "communication_protocol_version": "1.5.0",
        "pytorch_version": "1.7.0+cu110",
        "numpy_version": "1.21.2",
        "end_time_seconds": "1656232155"
    },
    "total": 382.92391,
    "count": 1,
    "self": 0.028393400000027214,
    "children": {
        "run_training.setup": {
            "total": 0.0786616,
            "count": 1,
            "self": 0.0786616
        },
        "TrainerController.start_learning": {
            "total": 382.816855,
            "count": 1,
            "self": 0.6957881999992992,
            "children": {
                "TrainerController._reset_env": {
                    "total": 6.2321568,
                    "count": 1,
                    "self": 6.2321568
                },
                "TrainerController.advance": {
                    "total": 375.8407796000007,
                    "count": 27121,
                    "self": 0.7174834000002193,
                    "children": {
                        "env_step": {
                            "total": 274.0387129000035,
                            "count": 27121,
                            "self": 260.89623450000073,
                            "children": {
                                "SubprocessEnvManager._take_step": {
                                    "total": 12.717792600000504,
                                    "count": 27122,
                                    "self": 1.105118800003341,
                                    "children": {
                                        "TorchPolicy.evaluate": {
                                            "total": 11.612673799997163,
                                            "count": 13622,
                                            "self": 2.0456330999976924,
                                            "children": {
                                                "TorchPolicy.sample_actions": {
                                                    "total": 9.56704069999947,
                                                    "count": 13622,
                                                    "self": 9.56704069999947
                                                }
                                            }
                                        }
                                    }
                                },
                                "workers": {
                                    "total": 0.42468580000222467,
                                    "count": 27120,
                                    "self": 0.0,
                                    "children": {
                                        "worker_root": {
                                            "total": 355.8358395000009,
                                            "count": 27120,
                                            "is_parallel": true,
                                            "self": 150.57696099999984,