{
    "name": "root",
    "metadata": {
        "timer_format_version": "0.1.0",
        "start_time_seconds": "1656277240",
        "python_version": "3.7.9 (tags/v3.7.9:13c94747c7, Aug 17 2020, 18:58:18) [MSC v.1900 64 bit (AMD64)]",
        "command_line_arguments": "D:\\Tiltan\\AI\\AI final project\\venv\\Scripts\\mlagents-learn config/findGoal.yaml --initialize-from=FindGoal --run-id=FinallyWorksPog",
        "mlagents_version": "0.29.0",
        "mlagents_envs_version": "0.29.0",
        "communication_protocol_version": "1.5.0",
        "pytorch_version": "1.7.0+cu110",
        "numpy_version": "1.21.2",
        "end_time_seconds": "1656277247"
    },
    "total": 7.542661900000001,
    "count": 1,
    "self": 0.00740820000000042,
    "children": {
        "run_training.setup": {
            "total": 0.07308900000000007,
            "count": 1,
            "self": 0.07308900000000007
        },
        "TrainerController.start_learning": {
            "total": 7.4621647,
            "count": 1,
            "self": 0.0007629999999974046,
            "children": {
                "TrainerController._reset_env": {
                    "total": 6.4661446,
                    "count": 1,
                    "self": 6.4661446
                },
                "TrainerController.advance": {
                    "total": 0.9333546000000021,
                    "count": 26,
                    "self": 0.000620699999997143,
                    "children": {
                        "env_step": {
                            "total": 0.7346433000000001,
                            "count": 26,
                            "self": 0.7221098000000028,
                            "children": {
                                "SubprocessEnvManager._take_step": {
                                    "total": 0.012189999999995926,
                                    "count": 26,
                                    "self": 0.0009670999999915608,
                                    "children": {
                                        "TorchPolicy.evaluate": {
                                            "total": 0.011222900000004365,
                                            "count": 12,
                                            "self": 0.0017907000000016993,
                                            "children": {
                                                "TorchPolicy.sample_actions": {
                                                    "total": 0.009432200000002666,
                                                    "count": 12,
                                                    "self": 0.009432200000002666
                                                }
                                            }
                                        }
                                    }
                                },
                                "workers": {
                                    "total": 0.00034350000000138436,
                                    "count": 26,
                                    "self": 0.0,
                                    "children": {
                                        "worker_root": {
                                            "total": 0.7850142,
                                            "count": 26,
                                            "is_parallel": true,
                                            "self": 0.09580189999999877,
                                            "children": {
                                                "steps_from_proto": {
                                                    "total": 0.0004191000000002276,
                                                    "count": 1,
                                                    "is_parallel": true,
                                                    "self": 0.00013330000000078002,
                                                    "children": {
                                                        "_process_rank_one_or_two_observation": {
                                                            "total": 0.0002857999999994476,
                                                            "count": 2,
                                                            "is_parallel": true,
                                                            "self": 0.0002857999999994476
                                                        }
                                                    }
                                                },
                                                "UnityEnvironment.step": {
                                                    "total": 0.688793200000001,
                                                    "count": 26,
                                                    "is_parallel": true,
                                                    "self": 0.0031746000000056895,
                                                    "children": {
                                                        "UnityEnvironment._generate_step_input": {
                                                            "total": 0.004658099999996779,
                                                            "count": 26,
                                                            "is_parallel": true,
                                                            "self": 0.004658099999996779
                                                        },
                                                        "communicator.exchange": {
                                                            "total": 0.673683200000001,
                                                            "count": 26,
                                                            "is_parallel": true,
                                                            "self": 0.673683200000001
                                                        },
                                                        "steps_from_proto": {
                                                            "total": 0.0072772999999974886,
                                                            "count": 26,
                                                            "is_parallel": true,
                                                            "self": 0.0035010999999940395,
                                                            "children": {
                                                                "_process_rank_one_or_two_observation": {
                                                                    "total": 0.003776200000003449,
                                                                    "count": 52,
                                                                    "is_parallel": true,
                                                                    "self": 0.003776200000003449
                                                                }
                                                            }
                                                        }
                                                    }
                                                }
                                            }
                                        }
                                    }
                                }
                            }
                        },
                        "trainer_advance": {
                            "total": 0.1980906000000049,
                            "count": 26,
                            "self": 0.0006405000000029304,
                            "children": {
                                "process_trajectory": {
                                    "total": 0.03655590000000242,
                                    "count": 26,
                                    "self": 0.03655590000000242
                                },