{
    "name": "root",
    "gauges": {
        "FindRepairStation.Policy.Entropy.mean": {
            "value": 1.4722973108291626,
            "min": 1.4235566854476929,
            "max": 1.4722973108291626,
            "count": 7
        },
        "FindRepairStation.Policy.Entropy.sum": {
            "value": 73567.75,
            "min": 71503.828125,
            "max": 73567.75,
            "count": 7
        },
        "FindRepairStation.Environment.EpisodeLength.mean": {
            "value": 68.54444444444445,
            "min": 68.48256624825663,
            "max": 68.54444444444445,
            "count": 7
        },
        "FindRepairStation.Environment.EpisodeLength.sum": {
            "value": 49352.0,
            "min": 49075.0,
            "max": 49352.0,
            "count": 7
        },
        "FindRepairStation.Step.mean": {
            "value": 349948.0,
            "min": 49947.0,
            "max": 349948.0,
            "count": 7
        },
        "FindRepairStation.Step.sum": {
            "value": 349948.0,
            "min": 49947.0,
            "max": 349948.0,
            "count": 7
        },
        "FindRepairStation.Policy.ExtrinsicValueEstimate.mean": {
            "value": -0.2138870656490326,
            "min": -49.351234436035156,
            "max": 2.585721254348755,
            "count": 7
        },
        "FindRepairStation.Policy.ExtrinsicValueEstimate.sum": {
            "value": -307.7834777832031,
            "min": -70424.2109375,
            "max": 3720.852783203125,
            "count": 7
        },
        "FindRepairStation.Environment.CumulativeReward.mean": {
            "value": -1.0,
            "min": -1.0,
            "max": -1.0,
            "count": 7
        },
        "FindRepairStation.Environment.CumulativeReward.sum": {
            "value": -720.0,
            "min": -720.0,
            "max": -716.0,
            "count": 7
        },
        "FindRepairStation.Policy.ExtrinsicReward.mean": {
            "value": -1.0,
            "min": -1.0,
            "max": -1.0,
            "count": 7
        },
        "FindRepairStation.Policy.ExtrinsicReward.sum": {
            "value": -720.0,
            "min": -720.0,
            "max": -716.0,
            "count": 7
        },
        "FindRepairStation.Losses.PolicyLoss.mean": {
            "value": 0.031534192490944406,
            "min": 0.031534192490944406,
            "max": 0.2670905894134194,
            "count": 7
        },
        "FindRepairStation.Losses.PolicyLoss.sum": {
            "value": 0.15767096245472204,
            "min": 0.15767096245472204,
            "max": 1.1060795171186326,
            "count": 7
        },
        "FindRepairStation.Losses.ValueLoss.mean": {
            "value": 0.4134277973572413,
            "min": 0.4134277973572413,
            "max": 319.95823641618097,
            "count": 7
        },
        "FindRepairStation.Losses.ValueLoss.sum": {
            "value": 2.0671389867862064,
            "min": 1.8444581965605418,
            "max": 1279.8329456647239,
            "count": 7
        },
        "FindRepairStation.Policy.LearningRate.mean": {
            "value": 0.00010694934435024001,
            "min": 0.00010694934435024001,
            "max": 0.0002844726051758,
            "count": 7
        },
        "FindRepairStation.Policy.LearningRate.sum": {
            "value": 0.0005347467217512,
            "min": 0.0005347467217512,
            "max": 0.0012828714723762,
            "count": 7
        },
        "FindRepairStation.Policy.Epsilon.mean": {
            "value": 0.13564976,
            "min": 0.13564976,
            "max": 0.1948242,
            "count": 7
        },
        "FindRepairStation.Policy.Epsilon.sum": {
            "value": 0.6782488,
            "min": 0.5799848000000001,
            "max": 0.9276238,
            "count": 7
        },
        "FindRepairStation.Policy.Beta.mean": {
            "value": 0.001788923024,
            "min": 0.001788923024,
            "max": 0.00474172758,
            "count": 7
        },
        "FindRepairStation.Policy.Beta.sum": {
            "value": 0.008944615119999999,
            "min": 0.008944615119999999,
            "max": 0.021388427620000004,
            "count": 7
        },
        "FindRepairStation.IsTraining.mean": {
            "value": 1.0,
            "min": 1.0,
            "max": 1.0,
            "count": 7
        },
        "FindRepairStation.IsTraining.sum": {
            "value": 1.0,
            "min": 1.0,
            "max": 1.0,
            "count": 7
        }
    },
    "metadata": {
        "timer_format_version": "0.1.0",
        "start_time_seconds": "1656106501",
        "python_version": "3.7.9 (tags/v3.7.9:13c94747c7, Aug 17 2020, 18:58:18) [MSC v.1900 64 bit (AMD64)]",
        "command_line_arguments": "D:\\Tiltan\\AI\\AI final project\\venv\\Scripts\\mlagents-learn --run-id=pleasev2",
        "mlagents_version": "0.29.0",
        "mlagents_envs_version": "0.29.0",
        "communication_protocol_version": "1.5.0",
        "pytorch_version": "1.7.0+cu110",
        "numpy_version": "1.21.2",
        "end_time_seconds": "1656107208"
    },
    "total": 707.6718410000001,
    "count": 1,
    "self": 0.008793100000161758,
    "children": {
        "run_training.setup": {
            "total": 0.08033230000000002,
            "count": 1,
            "self": 0.08033230000000002
        },
        "TrainerController.start_learning": {
            "total": 707.5827155999999,
            "count": 1,
            "self": 1.1128973000016913,
            "children": {
                "TrainerController._reset_env": {
                    "total": 5.8475769,
                    "count": 1,
                    "self": 5.8475769
                },
                "TrainerController.advance": {
                    "total": 700.5552008999982,
                    "count": 46729,
                    "self": 1.213300699992942,
                    "children": {
                        "env_step": {
                            "total": 572.2041773000024,
                            "count": 46729,
                            "self": 524.584435100002,
                            "children": {
                                "SubprocessEnvManager._take_step": {
                                    "total": 46.85248989999836,
                                    "count": 46729,
                                    "self": 3.089724299998892,
                                    "children": {
                                        "TorchPolicy.evaluate": {
                                            "total": 43.76276559999947,
                                            "count": 43927,
                                            "self": 7.383232000001016,
                                            "children": {
                                                "TorchPolicy.sample_actions": {
                                                    "total": 36.37953359999845,
                                                    "count": 43927,
                                                    "self": 36.37953359999845
                                                }
                                            }
                                        }
                                    }
                                },
                                "workers": {
                                    "total": 0.7672523000020162,
                                    "count": 46728,
                                    "self": 0.0,
                                    "children": {
                                        "worker_root": {
                                            "total": 639.1712039000035,
                                            "count": 46728,
                                            "is_parallel": true,
                                            "self": 238.13705349999907,