{
    "name": "root",
    "gauges": {
        "FindRepairStation.Policy.Entropy.mean": {
            "value": 1.4850341081619263,
            "min": 1.4280142784118652,
            "max": 1.4850341081619263,
            "count": 9
        },
        "FindRepairStation.Policy.Entropy.sum": {
            "value": 74177.453125,
            "min": 71702.0234375,
            "max": 74177.453125,
            "count": 9
        },
        "FindRepairStation.Environment.EpisodeLength.mean": {
            "value": 84.48287671232876,
            "min": 78.25079872204473,
            "max": 90.20689655172414,
            "count": 9
        },
        "FindRepairStation.Environment.EpisodeLength.sum": {
            "value": 49338.0,
            "min": 48985.0,
            "max": 49704.0,
            "count": 9
        },
        "FindRepairStation.Step.mean": {
            "value": 449965.0,
            "min": 49995.0,
            "max": 449965.0,
            "count": 9
        },
        "FindRepairStation.Step.sum": {
            "value": 449965.0,
            "min": 49995.0,
            "max": 449965.0,
            "count": 9
        },
        "FindRepairStation.Policy.ExtrinsicValueEstimate.mean": {
            "value": -1.262405276298523,
            "min": -6.509140968322754,
            "max": 333.32061767578125,
            "count": 9
        },
        "FindRepairStation.Policy.ExtrinsicValueEstimate.sum": {
            "value": -1475.751708984375,
            "min": -7537.58544921875,
            "max": 376985.625,
            "count": 9
        },
        "FindRepairStation.Environment.CumulativeReward.mean": {
            "value": -0.75,
            "min": -1.0,
            "max": -0.75,
            "count": 9
        },
        "FindRepairStation.Environment.CumulativeReward.sum": {
            "value": -438.0,
            "min": -619.0,
            "max": -438.0,
            "count": 9
        },
        "FindRepairStation.Policy.ExtrinsicReward.mean": {
            "value": -0.75,
            "min": -1.0,
            "max": -0.75,
            "count": 9
        },
        "FindRepairStation.Policy.ExtrinsicReward.sum": {
            "value": -438.0,
            "min": -619.0,
            "max": -438.0,
            "count": 9
        },
        "FindRepairStation.Losses.PolicyLoss.mean": {
            "value": 0.03214240817347066,
            "min": 0.03214240817347066,
            "max": 0.31130646311367555,
            "count": 9
        },
        "FindRepairStation.Losses.PolicyLoss.sum": {
            "value": 0.1607120408673533,
            "min": 0.1607120408673533,
            "max": 1.5565323155683777,
            "count": 9
        },
        "FindRepairStation.Losses.ValueLoss.mean": {
            "value": 1.9701902373631797,
            "min": 1.9701902373631797,
            "max": 5146.674760182699,
            "count": 9
        },
        "FindRepairStation.Losses.ValueLoss.sum": {
            "value": 9.850951186815898,
            "min": 9.850951186815898,
            "max": 20586.699040730797,
            "count": 9
        },
        "FindRepairStation.Policy.LearningRate.mean": {
            "value": 4.715372428212e-05,
            "min": 4.715372428212e-05,
            "max": 0.00028452795515735,
            "count": 9
        },
        "FindRepairStation.Policy.LearningRate.sum": {
            "value": 0.00023576862141059998,
            "min": 0.00023576862141059998,
            "max": 0.0012838122720626,
            "count": 9
        },
        "FindRepairStation.Policy.Epsilon.mean": {
            "value": 0.11571787999999998,
            "min": 0.11571787999999998,
            "max": 0.19484265,
            "count": 9
        },
        "FindRepairStation.Policy.Epsilon.sum": {
            "value": 0.5785893999999999,
            "min": 0.4998432,
            "max": 0.9279373999999999,
            "count": 9
        },
        "FindRepairStation.Policy.Beta.mean": {
            "value": 0.0007943222120000003,
            "min": 0.0007943222120000003,
            "max": 0.004742648235,
            "count": 9
        },
        "FindRepairStation.Policy.Beta.sum": {
            "value": 0.003971611060000001,
            "min": 0.003971611060000001,
            "max": 0.021404076259999995,
            "count": 9
        },
        "FindRepairStation.IsTraining.mean": {
            "value": 1.0,
            "min": 1.0,
            "max": 1.0,
            "count": 9
        },
        "FindRepairStation.IsTraining.sum": {
            "value": 1.0,
            "min": 1.0,
            "max": 1.0,
            "count": 9
        }
    },
    "metadata": {
        "timer_format_version": "0.1.0",
        "start_time_seconds": "1656101972",
        "python_version": "3.7.9 (tags/v3.7.9:13c94747c7, Aug 17 2020, 18:58:18) [MSC v.1900 64 bit (AMD64)]",
        "command_line_arguments": "D:\\Tiltan\\AI\\AI final project\\venv\\Scripts\\mlagents-learn --run-id=please",
        "mlagents_version": "0.29.0",
        "mlagents_envs_version": "0.29.0",
        "communication_protocol_version": "1.5.0",
        "pytorch_version": "1.7.0+cu110",
        "numpy_version": "1.21.2",
        "end_time_seconds": "1656102999"
    },
    "total": 1027.0302833,
    "count": 1,
    "self": 0.009648500000139393,
    "children": {
        "run_training.setup": {
            "total": 0.07267570000000001,
            "count": 1,
            "self": 0.07267570000000001
        },
        "TrainerController.start_learning": {
            "total": 1026.9479591,
            "count": 1,
            "self": 1.3678352000056293,
            "children": {
                "TrainerController._reset_env": {
                    "total": 5.4471584,
                    "count": 1,
                    "self": 5.4471584
                },
                "TrainerController.advance": {
                    "total": 1020.0625147999943,
                    "count": 53947,
                    "self": 1.4462962999823503,
                    "children": {
                        "env_step": {
                            "total": 870.4488040000102,
                            "count": 53947,
                            "self": 814.1073846999896,
                            "children": {
                                "SubprocessEnvManager._take_step": {
                                    "total": 55.45110790000942,
                                    "count": 53947,
                                    "self": 3.7569601000148154,
                                    "children": {
                                        "TorchPolicy.evaluate": {
                                            "total": 51.6941477999946,
                                            "count": 50967,
                                            "self": 8.596539599998643,
                                            "children": {
                                                "TorchPolicy.sample_actions": {
                                                    "total": 43.09760819999596,
                                                    "count": 50967,
                                                    "self": 43.09760819999596
                                                }
                                            }
                                        }
                                    }
                                },
                                "workers": {
                                    "total": 0.8903114000112167,
                                    "count": 53946,
                                    "self": 0.0,
                                    "children": {
                                        "worker_root": {
                                            "total": 958.5079241999997,
                                            "count": 53946,
                                            "is_parallel": true,