{
    "name": "root",
    "metadata": {
        "timer_format_version": "0.1.0",
        "start_time_seconds": "1656276983",
        "python_version": "3.7.9 (tags/v3.7.9:13c94747c7, Aug 17 2020, 18:58:18) [MSC v.1900 64 bit (AMD64)]",
        "command_line_arguments": "D:\\Tiltan\\AI\\AI final project\\venv\\Scripts\\mlagents-learn config/findGoal.yaml --initialize-from=FindGoal --run-id=ff",
        "mlagents_version": "0.29.0",
        "mlagents_envs_version": "0.29.0",
        "communication_protocol_version": "1.5.0",
        "pytorch_version": "1.7.0+cu110",
        "numpy_version": "1.21.2",
        "end_time_seconds": "1656276993"
    },
    "total": 9.793372199999999,
    "count": 1,
    "self": 0.009998799999998198,
    "children": {
        "run_training.setup": {
            "total": 0.07393419999999995,
            "count": 1,
            "self": 0.07393419999999995
        },
        "TrainerController.start_learning": {
            "total": 9.7094392,
            "count": 1,
            "self": 0.003107599999999877,
            "children": {
                "TrainerController._reset_env": {
                    "total": 7.2700424,
                    "count": 1,
                    "self": 7.2700424
                },
                "TrainerController.advance": {
                    "total": 2.375036599999998,
                    "count": 134,
                    "self": 0.003189400000010778,
                    "children": {
                        "env_step": {
                            "total": 2.1818184999999897,
                            "count": 134,
                            "self": 2.072558899999949,
                            "children": {
                                "SubprocessEnvManager._take_step": {
                                    "total": 0.10741830000002217,
                                    "count": 134,
                                    "self": 0.007324600000016446,
                                    "children": {
                                        "TorchPolicy.evaluate": {
                                            "total": 0.10009370000000573,
                                            "count": 127,
                                            "self": 0.019980299999998508,
                                            "children": {
                                                "TorchPolicy.sample_actions": {
                                                    "total": 0.08011340000000722,
                                                    "count": 127,
                                                    "self": 0.08011340000000722
                                                }
                                            }
                                        }
                                    }
                                },
                                "workers": {
                                    "total": 0.0018413000000183644,
                                    "count": 134,
                                    "self": 0.0,
                                    "children": {
                                        "worker_root": {
                                            "total": 2.2193183999999873,
                                            "count": 134,
                                            "is_parallel": true,
                                            "self": 0.2786096999999783,
                                            "children": {
                                                "steps_from_proto": {
                                                    "total": 0.00023960000000045056,
                                                    "count": 1,
                                                    "is_parallel": true,
                                                    "self": 0.00010030000000060824,
                                                    "children": {
                                                        "_process_rank_one_or_two_observation": {
                                                            "total": 0.00013929999999984233,
                                                            "count": 2,
                                                            "is_parallel": true,
                                                            "self": 0.00013929999999984233
                                                        }
                                                    }
                                                },
                                                "UnityEnvironment.step": {
                                                    "total": 1.9404691000000085,
                                                    "count": 134,
                                                    "is_parallel": true,
                                                    "self": 0.010954100000002853,
                                                    "children": {
                                                        "UnityEnvironment._generate_step_input": {
                                                            "total": 0.008365099999997128,
                                                            "count": 134,
                                                            "is_parallel": true,
                                                            "self": 0.008365099999997128
                                                        },
                                                        "communicator.exchange": {
                                                            "total": 1.8910288,
                                                            "count": 134,
                                                            "is_parallel": true,
                                                            "self": 1.8910288
                                                        },
                                                        "steps_from_proto": {
                                                            "total": 0.03012110000000856,
                                                            "count": 134,
                                                            "is_parallel": true,
                                                            "self": 0.016362899999996294,
                                                            "children": {
                                                                "_process_rank_one_or_two_observation": {
                                                                    "total": 0.013758200000012266,
                                                                    "count": 268,
                                                                    "is_parallel": true,
                                                                    "self": 0.013758200000012266
                                                                }
                                                            }
                                                        }
                                                    }
                                                }
                                            }
                                        }
                                    }
                                }
                            }
                        },
                        "trainer_advance": {
                            "total": 0.19002869999999739,
                            "count": 134,
                            "self": 0.0037154999999984284,
                            "children": {
                                "process_trajectory": {
                                    "total": 0.020323699999998723,
                                    "count": 134,
                                    "self": 0.020323699999998723
                                },